sample,Category,TRAV1-1,TRAV1-2,TRAV10,TRAV12-1,TRAV12-2,TRAV12-3,TRAV13-1,TRAV13-2,TRAV14DV4,TRAV16,TRAV17,TRAV18,TRAV19,TRAV2,TRAV20,TRAV21,TRAV22,TRAV23DV6,TRAV24,TRAV25,TRAV26-1,TRAV26-2,TRAV27,TRAV28,TRAV29DV5,TRAV3,TRAV30,TRAV34,TRAV35,TRAV36DV7,TRAV38-1,TRAV38-2DV8,TRAV39,TRAV4,TRAV40,TRAV41,TRAV5,TRAV6,TRAV7,TRAV8-1,TRAV8-2,TRAV8-3,TRAV8-4,TRAV8-5,TRAV8-6,TRAV9-1,TRAV9-2
BW_15__TRA.csv,cancer,0.0531870055764492,0.0754117494488393,0.0180586175593308,0.023780962261704,0.0407048372454934,0.0196148359486447,0.0961937491894695,0.0237161198288159,0.0223544287381662,0.0188691479704318,0.0344961742964596,,0.040348203864609,0.0408345221112696,0.0087861496563351,0.0381435611464142,0.0232460121903773,0.0219491635326157,0.0117689015691868,0.012725327454286,0.0245104396316949,0.0149137595642588,0.0154162884191414,,0.0387109324341849,0.0231973803657113,0.0036635974581766,0.0014751653482038,0.0121903773829594,0.0069381403190247,0.0073920373492413,0.0120769031254052,0.0002593697315523,0.0163240824795746,0.0004376864219945,0.0058520295681493,0.0312216314356114,0.0124659577227337,1.621060822202049e-05,0.0098884710154324,0.0161295551809103,0.02695824147322,0.0208792633899623,,0.0154973414602515,4.863182466606147e-05,0.059347036700817
BW_13__TRA.csv,cancer,0.051310592459605,0.0726750448833034,0.0147935368043087,0.0214003590664272,0.0410053859964093,0.0191382405745062,0.0832675044883303,0.0235188509874326,0.0249551166965888,0.0183482944344703,0.0318850987432675,,0.0312028725314183,0.0388150807899461,0.0116337522441651,0.0429802513464991,0.0175583482944344,0.025278276481149,0.0140394973070017,0.0118491921005386,0.0236624775583482,0.0132495511669658,0.0172710951526032,,0.0311310592459605,0.0291202872531418,0.0051705565529622,0.0015439856373429,0.0121723518850987,0.0087971274685816,0.0078635547576301,0.013931777378815,0.0001436265709156,0.0136445242369838,0.000718132854578,0.0062118491921005,0.0307360861759425,0.0179174147217235,,0.0112387791741472,0.0191741472172351,0.0332495511669658,0.0247396768402154,,0.0163016157989228,7.181328545780969e-05,0.0662836624775583
BW_12__TRA.csv,cancer,0.0135843696640928,0.0263376599827739,0.0160927182338808,0.027833602804515,0.0540050469182066,0.0435938893002311,0.0646428625394762,0.0215778419135979,0.0312183623203735,0.0182837455990571,0.0404055667205609,,0.0166215869082337,0.0366732649329847,0.0159265023647985,0.0603514710104413,0.0147176596805633,0.0276824974689856,0.0095498572054579,0.0127986219193399,0.0445458529140663,0.0079783617159521,0.0225751371280919,,0.0245092854228682,0.0172411187839042,0.0066486347632934,0.0016923797579292,0.0136145907311987,0.0107284788225872,0.0074192719744934,0.0206712099004215,0.0002871001375058,0.0252799226340682,0.0009066320131763,0.0080690249172698,0.0158811707641396,0.0159567234319043,6.044213421175902e-05,0.0231795584702095,0.0221369316550567,0.0285286873479502,0.0357515223862554,,0.0175131083878571,0.0001208842684235,0.0768068420495927
BW_11__TRA.csv,cancer,0.0266641496967837,0.0315014511904481,0.0133556714410439,0.0342150593454305,0.0544845324335166,0.0368578777224568,0.0603600840038698,0.024682035914014,0.0306047806696713,0.02019868331013,0.0486561740484674,,0.0719224144033601,0.0329172467495693,0.0129073361806555,0.0603600840038698,0.0130961089218716,0.0031855400080228,0.0173434955992354,0.0121522452157908,0.0337431274923901,0.012388211142311,0.0196795582717855,,0.0230538710210245,0.0234786096887609,0.0042709832700158,0.00233606267255,0.0105712735081054,0.0103353075815852,0.0026428183770263,0.0121522452157908,0.0002359659265202,0.0289294225913778,0.0006371080016045,0.0060407277189173,0.0173906887845395,0.0122938247717029,,0.0165884046343707,0.0153377852238136,0.0329880365275254,0.0242101040609735,,0.0204110526439982,9.43863706080842e-05,0.0647254536444937
BW_8__TRA.csv,cancer,0.1056893830210692,0.0791984077963077,0.0104316793631185,0.1091208564957792,0.0643744423855603,0.0274517877976803,0.0445405257017363,0.0109807151190721,0.0351382883810308,0.0227849838720746,0.0160592958616429,,0.071786425090934,0.0273145288586919,0.003774620822181,0.0465307803170681,0.0049413218035824,0.0084414247477867,0.0081669068698098,0.0028824377187564,0.021549653421179,0.0014412188593782,0.0189417335803994,,0.0156475190446777,0.0309518907418845,0.0181868094159632,0.000343147347471,0.0096081257291881,0.0039118797611694,0.0061080227849838,0.0098826436071649,6.862946949420081e-05,0.0180495504769748,0.0001372589389884,0.0047354333950998,0.020520211378766,0.0137258938988401,,0.0076178711138562,0.0166083316175965,0.0120101571614851,0.0115983803445199,,0.0072747237663852,,0.0514721021206506
BW_2__TRA.csv,cancer,0.0125739029061537,0.0233158464484969,0.0136564243484053,0.0216087934049462,0.0629944208510284,0.0442584728120576,0.0703222583062703,0.0254808893330002,0.0313098509451244,0.0134482471479723,0.0921808643517362,,0.050170705304355,0.0234407527687567,0.0129486218669331,0.0426346906486801,0.0197351986010492,0.0365559163960363,0.0125322674660671,0.0240236489299691,0.0478807560995919,0.0079523690565409,0.0165709051544674,,0.0240652843700557,0.0136564243484053,0.0064534932134232,0.002289949204763,0.0156132900324756,0.0104921309018236,0.0126988092264135,0.0186943125988841,0.0005828961612124,0.0141976850695311,0.0011241568823382,0.01494712299109,0.01494712299109,0.0144891331501373,8.327088017320343e-05,0.0159463735531684,0.0114081105837288,0.0307685902239986,0.019651927720876,,0.0170705304355067,0.0001249063202598,0.0350986759930052
BW_5__TRA.csv,cancer,0.0115689558905639,0.0290563930764935,0.0155220547180346,0.0226018983807928,0.0630262423227247,0.0255276381909547,0.0720268006700167,0.025393634840871,0.020502512562814,0.0125069793411501,0.075287548855388,,0.053109994416527,0.0225125628140703,0.0123283082077051,0.034751535455053,0.012216638749302,0.0305750977107761,0.0160580681183696,0.0169067560022333,0.0548073701842546,0.0089112227805695,0.0171524288107202,,0.0233165829145728,0.0188274706867671,0.004109436069235,0.0023897264098269,0.0132663316582914,0.0085985482970407,0.0069905080960357,0.0121943048576214,0.0002903405918481,0.0187381351200446,0.0003350083752093,0.0068341708542713,0.0225795644891122,0.0206141820212171,,0.0299720826353992,0.0175767727526521,0.0362479061976549,0.0273813512004466,,0.0239195979899497,0.0001563372417643,0.0533109994416527
BW_1__TRA.csv,cancer,0.0091834072528045,0.0213931646230106,0.0235846595356117,0.0224367336290112,0.0550482650665275,0.0302635011740151,0.0614401252282807,0.0245238716410122,0.0230889642577615,0.0137751108792068,0.068014609966084,,0.1297938951213149,0.0253587268458126,0.0224628228541612,0.0309418210279154,0.014088181581007,0.0036524915210018,0.0074354291677537,0.0163579441690581,0.0402817636316201,0.0113749021654056,0.0153404643882076,,0.0289329506913644,0.0142968953822071,0.0050091312288025,0.0036264022958518,0.018184189929559,0.0090268719019045,0.010148708583355,0.018027654578659,0.0002869814766501,0.0213931646230106,0.0007044090790503,0.0093660318288546,0.0248108531176624,0.0124184711714062,,0.0266892773284633,0.0128880772241064,0.0269762588051134,0.0285155230889642,,0.0128880772241064,5.217845030002609e-05,0.0459170362640229
GH03_W_ZXM1225__TRA.csv,healthy,0.0110063072413517,0.0384251285970094,0.0132760016880139,0.0213853119974451,0.058498808125278,0.0347411521835829,0.0700867958529602,0.0317529112538065,0.0243963639266854,0.0132189741893541,0.0643726404872429,,0.032368808239333,0.0169941946006364,0.0112458227357231,0.0532522782485714,0.0108124137459082,0.0371819291262246,0.0186936140607,0.0156597511319958,0.0531040067520558,0.0158194281282434,0.0275556873524413,,0.0298595982982994,0.0093867262794119,0.0055316673700058,0.0029768354300443,0.0190357790526591,0.0083602313035345,0.0179522565781219,0.0218871539856518,0.0002851374932992,0.0295858663047321,0.000775573981774,0.0083032038048747,0.0112230117362592,0.0169143561025126,,0.0147016891545103,0.015579912633872,0.0260843778870171,0.0156939676311917,,0.0167090571073371,0.0001254604970516,0.0551798077032745
WJW__TRA.csv,healthy,0.015295358649789,0.0701476793248945,0.0108122362869198,0.0213607594936708,0.0733122362869198,0.0218881856540084,0.0566983122362869,0.0284810126582278,0.0537974683544303,0.0079113924050632,0.0614451476793248,,0.028217299578059,0.0250527426160337,0.0137130801687763,0.0904535864978903,0.0084388185654008,0.0590717299578059,0.0021097046413502,0.0276898734177215,0.0210970464135021,0.0158227848101265,0.0139767932489451,,0.0184599156118143,0.0094936708860759,0.005801687763713,0.0007911392405063,0.0060654008438818,0.0110759493670886,0.0102848101265822,0.0102848101265822,0.0015822784810126,0.0134493670886075,,,0.0189873417721519,0.0163502109704641,,0.0271624472573839,0.0295358649789029,0.0229430379746835,0.0334915611814346,,0.01292194092827,,0.0245253164556962
GH03_W_LXZ1225__TRA.csv,healthy,0.0102234605106044,0.0264968442599647,0.0170921703531017,0.0276340478762722,0.0566099960197873,0.0315687723886961,0.0762608745095809,0.0352874282140217,0.0361289588900892,0.0136350713595269,0.0557912094160459,,0.0299994313981918,0.0229715130494114,0.0120202422243702,0.0486950588502871,0.0115767328140103,0.0042076533803377,0.0152726445670097,0.0141923011315175,0.0592710524819468,0.0001933246147722,0.0283049980098936,,0.0406777733553192,0.0100073918235059,0.0064934326491158,0.0017967817137658,0.0155228293625973,0.0102234605106044,0.0142036731676806,0.0203104565872519,0.0002388127594245,0.0246545744015465,0.0007391823505998,0.008040029567294,0.0148405071928128,0.014874623301302,1.1372036163075e-05,0.0179450730653323,0.016375732074828,0.0280206971058167,0.0334792744640927,,0.0169329618468186,9.09762893046e-05,0.0710865980553818
HL_W_LS0121__TRA.csv,healthy,0.010631358098697,0.0405860470036495,0.0160616371938856,0.0251767485322378,0.0460163260988381,0.0280153035138137,0.0913097903700699,0.0297607503658386,0.029848904247254,0.012623635818685,0.0537209753345439,,0.0430190941307145,0.0210335161057141,0.0116186815705495,0.0466157724924628,0.0134346515277067,0.0371656764047321,0.0162555757329995,0.0167844990214919,0.0459458029937058,0.0092032652197676,0.0232549939173821,,0.0348031523827994,0.0108605581903771,0.0065939103298718,0.0023801547982157,0.0139106824873499,0.0082512033004813,0.0173486838625504,0.011953666319928,0.0001763077628307,0.0220032088012835,0.0007581233801724,0.0103845272307339,0.0155503446816763,0.0246478252437454,,0.0178070840459105,0.0124473280558543,0.0283679190394753,0.0286500114600045,,0.0184770535446675,8.815388141539872e-05,0.0464570955059151
iRNormal_XH__TRA.csv,healthy,0.0128952212425379,0.0283328756953554,0.0154783333841819,0.0294006976436729,0.0732424159217337,0.0286074584820656,0.0704559091232673,0.0216920401501052,0.0328990857410175,0.0205428603390588,0.0501062737081896,,0.040160274989576,0.0189767214815266,0.021498815226124,0.0353601610885682,0.0146545850240514,0.0336719854369425,0.0180207665944615,0.0185597624350408,0.0530860054306373,0.0106172010861274,0.0242954917574315,1.0169732841118265e-05,0.0484384375222462,0.0082985019983525,0.0053289400087459,0.0016474967202611,0.0119290966226317,0.0078001850891377,0.015742746438051,0.0139427037251731,0.0002033946568223,0.0207360852630401,0.0007220510317193,0.0093663239466699,0.0183970467095829,0.0143088141074533,6.101839704670958e-05,0.0150715440705372,0.012905390975379,0.0259531582105338,0.0152037505974718,,0.0174004128911533,6.101839704670958e-05,0.0639167709064282
LFJ__TRA.csv,healthy,0.0093664003182918,0.0541261894499519,0.0160969463877192,0.0243526408275587,0.0384436855541925,0.0193461755246841,0.0748151586485859,0.0293425284307549,0.039819634627499,0.015665926196081,0.062746593282716,6.631079871357051e-05,0.0453234309207254,0.0321110042770465,0.0083717383375882,0.0347468585259109,0.0120519876661914,0.0336029972481018,0.0124830078578296,0.0211365670899505,0.0560989357116806,0.0227114485593978,0.0225290938629355,,0.0360067637014687,0.0113888796790557,0.0045257120122011,0.0022048340572262,0.0139418454295281,0.0091011571234375,0.0053545969961208,0.011107058784523,0.0003647093929246,0.0270548058751367,0.0010609727794171,0.003464739232784,0.0150857067073372,0.0188654222340108,,0.0192798647259706,0.0131295381452869,0.0314644739895892,0.0242200192301316,,0.0211199893902722,4.973309903517788e-05,0.045853917310434
BF__TRA.csv,healthy,0.0081935232149824,0.0836909871244635,0.0117050331642606,0.0124853687085446,0.0444791260241904,0.0265314085056574,0.0635973468591494,0.0446742099102614,0.0282871634802965,0.0173624658603199,0.074326960593055,,0.0253609051892313,0.0130706203667577,0.0146312914553257,0.0294576667967225,0.0210690596956691,0.0249707374170893,0.0128755364806866,0.0347249317206398,0.0355052672649239,,0.0265314085056574,,0.0403823644166991,0.0134607881388997,0.0035115099492781,0.000975419430355,0.0263363246195864,0.0136558720249707,0.0183378852906749,0.0130706203667577,,0.0140460397971127,0.0023410066328521,0.0029262582910651,0.0327740928599297,0.0159968786578228,,0.0236051502145922,0.0148263753413968,0.0222395630120952,0.0294576667967225,,0.0251658213031603,,0.0333593445181428
WDM__TRA.csv,healthy,0.0157662392264031,0.0290098801765818,0.0151093125919697,0.0265135589657347,0.0422009669960058,0.0197077990330039,0.0856369560647467,0.0326623922640319,0.0262507883119613,0.0168173218414967,0.0487176792095858,,0.0518709270548665,0.0260931259196972,0.0087502627706537,0.0405717889426108,0.0155297456380071,0.0379966365356317,0.0207851587134748,0.020180786209796,0.0339499684675215,0.0108261509354635,0.0260931259196972,,0.0356317006516712,0.010090393104898,0.0060174479714105,0.0023123817532058,0.0127969308387639,0.0103531637586714,0.0112465839815009,0.0129808702964052,0.00039415598066,0.0217836871978137,0.0008145890266974,0.005124027748581,0.0172114778221568,0.016922430103006,5.255413075467732e-05,0.0188406558755518,0.0161603952070632,0.0449075047298717,0.0305339499684675,,0.0265135589657347,7.883119613201597e-05,0.0481921379020391
HL_W_XQF1225__TRA.csv,healthy,0.0082802236312366,0.0284917931248064,0.0147674854525598,0.018777200045639,0.0798193998467832,0.0309041417417809,0.0657364998125539,0.031653925771381,0.0411077244054701,0.0120291437792375,0.0553047220094212,,0.0504148261642027,0.017538426431517,0.0111978614855503,0.051213509152255,0.0130886212123681,0.0296816677804762,0.0159410604554122,0.0170331371941777,0.0428680869097488,0.0221349285260223,0.024596176101449,,0.0319962184805463,0.0103013805805936,0.0073185441150103,0.0072207461981059,0.014115499339864,0.0087855128685759,0.0145392903131163,0.0135450114912552,0.0004237909732522,0.0155335691349774,0.0006030871542436,0.0097471923848022,0.0177340222653257,0.0127626281560202,,0.0223957229711007,0.0152401753842643,0.0293882740297631,0.0277257094423888,,0.0152238757314469,6.519861126957995e-05,0.042753989340027
