,TRBV10-1,TRBV10-2,TRBV10-3,TRBV11-1,TRBV11-2,TRBV11-3,TRBV12-1,TRBV12-2,TRBV12-3,TRBV12-4,TRBV12-5,TRBV13,TRBV14,TRBV15,TRBV16,TRBV18,TRBV19,TRBV2,TRBV20-1,TRBV23-1,TRBV24-1,TRBV25-1,TRBV26,TRBV27,TRBV28,TRBV29-1,TRBV3-1,TRBV3-2,TRBV30,TRBV4-1,TRBV4-2,TRBV4-3,TRBV5-1,TRBV5-3,TRBV5-4,TRBV5-5,TRBV5-6,TRBV5-7,TRBV5-8,TRBV6-1,TRBV6-2,TRBV6-4,TRBV6-5,TRBV6-6,TRBV6-7,TRBV6-8,TRBV6-9,TRBV7-1,TRBV7-2,TRBV7-3,TRBV7-4,TRBV7-5,TRBV7-6,TRBV7-7,TRBV7-8,TRBV7-9,TRBV9
iRNormal_097__TRB.csv,0.000787246604999016,0.004477465065931903,0.017393229679197007,0.00041822475890572724,0.005117102932493603,0.0036164140917142296,,7.380436921865775e-05,0.06155284392836056,,0.004674276717181657,0.0027307616610903365,0.01011119858295611,0.006051958275929935,0.0006150364101554812,0.016384569966542018,0.050875811848061406,0.2799399724463688,0.05997835071836253,,0.013949025782326313,0.0006150364101554812,2.460145640621925e-05,0.027652037000590435,0.03729580791182838,0.16436233024995078,0.04681657154103523,,0.009274749065144656,0.01695040346388506,0.009988191300925015,,0.012866561700452667,0.00012300728203109624,0.008339893721708324,0.00228793544577839,0.0030997835071836254,,0.0007134422357803582,0.009865184018893918,0.005682936429836647,0.015105294233418618,0.014293446172013384,0.012546742767171817,0.0001476087384373155,2.460145640621925e-05,9.8405825624877e-05,,0.013899822869513875,0.0025339500098405824,7.380436921865775e-05,,0.012030112182641212,0.0007134422357803582,0.0050186971068687265,0.018721708325132848,0.010086597126549891
iRNormal_JH__TRB.csv,0.0010363290920605676,0.006030859577408025,0.019416777016523692,0.0008060337382693304,0.021863665150555586,0.011140537739651103,,5.7573838447809316e-05,0.047613564396338307,,0.0025476423513155623,0.002490068512867753,0.009039092636306062,0.0032241349530773215,0.0003742299499107606,0.014048016581265473,0.12477690137601474,0.025433243134319765,0.14370430076573204,,0.010967816224307675,0.0006908860613737118,,0.022338649317750016,0.06810985088375843,0.14741781334561574,0.03516322183199954,1.4393459611952329e-05,0.0067793194772295465,0.027908918187575564,0.010492832057113247,4.318037883585699e-05,0.03752374920835972,4.318037883585699e-05,0.007830042028902067,0.0024468881340318958,0.009082273015141919,8.636075767171398e-05,0.0011082963901203294,0.017344118832402555,0.00506649778340722,0.005843744602452646,0.02323104381369106,0.05577465599631527,0.00021590189417928493,7.196729805976164e-05,0.00012954113650757095,,0.01866831711670217,0.004159709827854223,0.00014393459611952329,2.8786919223904658e-05,0.004217283666302032,0.0007196729805976164,0.005944498819736312,0.02377799527894525,0.013011687489204905
iRNormal_KW_R__TRB.csv,0.0023462704076644835,0.00694104995600743,0.022631733307263664,0.0006354482354091309,0.008896275295727833,0.0011731352038322417,4.888063349301007e-05,,0.07307654707205005,,0.005572392218203148,0.004594779548342947,0.014224264346465931,0.004154853846905856,0.0010264933033532115,0.026835467787662527,0.10763515495160818,0.029132857561834,0.0738097565744452,,0.012806725975168638,0.002150747873692443,,0.04648548245185258,0.13280868120050837,0.08192394173428488,0.053622054941832045,4.888063349301007e-05,0.009873887965588034,0.024978003714928147,0.018036953758920716,,0.03240786000586567,,0.017499266790497604,0.0038126894124547854,0.006403362987584319,,0.001417538371297292,0.018134715025906734,0.006012317919640239,0.011486948870857366,0.025662332583830286,0.017303744256525564,0.00014664190047903022,9.776126698602014e-05,0.00024440316746505037,4.888063349301007e-05,0.023316062176165803,0.005376869684231108,9.776126698602014e-05,,0.00718545312347248,0.0011731352038322417,0.00698993058950044,0.03509629484798123,0.014615309414410011
iRNormal_XH__TRB.csv,0.005627849544072948,0.005782199848024316,0.02587148556231003,0.0008192439209726444,0.007575037993920973,0.0006530205167173252,,,0.05738269376899696,,0.00243398556231003,0.002457731762917933,0.01171875,0.005722834346504559,0.0011991831306990882,0.024280490121580546,0.07085866261398176,0.02163278875379939,0.09790558510638298,,0.014960106382978724,0.0010923252279635258,,0.019661854103343465,0.0760234612462006,0.10374715045592706,0.05363079407294833,3.56193009118541e-05,0.009059175531914893,0.021324088145896657,0.015565634498480243,0.07229530775075987,0.02918408054711246,7.12386018237082e-05,0.014888867781155016,0.003775645896656535,0.006755794072948329,2.3746200607902735e-05,0.0014010258358662614,0.013594699848024316,0.04097406914893617,0.0027664323708206685,0.0243161094224924,0.014663278875379939,0.00016622340425531914,0.0001424772036474164,5.936550151975684e-05,,0.043431800911854106,0.00858425151975684,0.00021371580547112462,1.1873100303951368e-05,0.003621295592705167,0.0007361322188449848,0.006732047872340425,0.026880699088145898,0.02768806990881459
HL_W_LS0121__TRB.csv,0.0007695309112980144,0.004411254660539322,0.011857279112113067,0.001409000260123125,0.01736321859013266,0.0005527616405098414,1.0838463539408653e-05,3.251539061822596e-05,0.012605133096332264,0.014057487210613024,0.00169080031214775,0.0051265932541402935,0.007673632185901327,0.010936009711263331,0.0004660539321945721,0.019921095985433106,0.05679354894650134,0.03574525275296974,0.20167129107777682,,0.009884678747940691,0.003609208358623082,,0.037772045434839155,0.13058180872279546,0.07474204456776208,0.03642807595595248,,0.010329055753056447,0.022348911818260642,0.010101448018728865,,0.03121477499349692,4.335385415763461e-05,0.008985086274169773,0.003825977629411255,0.010318217289517038,2.1676927078817306e-05,0.0006828232029827451,0.02308592733894043,0.008107170727477672,0.002937223619179745,0.029177143848088095,0.01505462585623862,0.00019509234370935577,5.4192317697043266e-05,0.00019509234370935577,,0.03622214514870372,0.004974854764588572,0.00033599236972166823,1.0838463539408653e-05,0.0037284314575565768,0.00028180005202462497,0.011998179138125379,0.03751192230989335,0.03214688285788607
BW_CT0806__TRB.csv,0.0010573502362516934,0.004669963543444979,0.013139779498419482,0.0021807848622691175,0.02194001740222264,0.0009802517815250074,,,0.013998876565373982,0.011586796338924807,0.001817320718557598,0.004824160452898351,0.008062295551419163,0.010958994636150365,0.0003634641437115196,0.02001255603405549,0.06935556705913451,0.031103719449737315,0.14162986133292213,,0.009394997411694734,0.004086218100514357,,0.03539920478450982,0.09801416408753978,0.0654786161928783,0.029198286211492074,,0.015992422323306863,0.02295331137863051,0.008932406683334618,,0.06496095513971341,7.709845472668598e-05,0.014802903307523707,0.006443228002158756,0.01969314815018779,2.202812992191028e-05,0.0019164473032061943,0.028504400118951903,0.011818091703104865,0.0038989789961781196,0.03233729472536429,0.016554139636315576,0.00024230942914101308,0.0001101406496095514,0.00012115471457050654,,0.031896732126926085,0.009196744242397541,0.00042954853347725047,4.405625984382056e-05,0.004868216712742172,0.000550703248047757,0.016873547520183274,0.046633551044684064,0.04087319507010452
DDY__TRB.csv,0.0013315579227696406,0.004882379050155349,0.04053854120432016,,0.005030329930463086,0.00207131232430833,,,0.01701435123538985,0.012575824826157716,0.0036987720076934456,0.004290575528924397,0.015090989791389259,0.004586477289539872,0.0019233614440005919,0.019233614440005917,0.07737831040094689,0.02663115845539281,0.12442669033880752,,0.006657789613848202,0.0038467228880011838,,0.050895102825861814,0.12117177097203728,0.08255659121171771,0.06480248557478917,,0.007249593135079154,0.025003698772007695,0.011836070424619026,0.009468856339695221,0.03772747447847315,,0.004438526409232135,0.0032549193667702325,0.011244266903388075,,0.0016274596833851162,0.04808403610001479,0.00887705281846427,0.0038467228880011838,0.027518863737239236,0.021452877644621986,,0.0013315579227696406,,,0.024263944370469005,,,,0.0005918035212309513,0.0014795088030773783,0.012575824826157716,0.027075011096316024,0.020417221482467822
GH03_HJ625__TRB.csv,0.0010270455323519343,0.006961086385940888,0.02162501426452128,0.00011411617026132602,0.012267488303092548,0.007816957662900833,,,0.039255962569896156,0.015405682985279013,0.0025105557457491727,0.0021111491498345316,0.013294533835444482,0.004507588725322378,0.0006846970215679561,0.018030354901289514,0.08467419833390391,0.03760127810110693,0.14863631176537714,,0.016889193198676253,0.0018829168093118796,,0.0322378180988246,0.09391760812507133,0.13579824261097798,0.0609380349195481,,0.005306401917151661,0.02424968618053178,0.014435695538057743,,0.022994408307657196,,0.008672828939860778,0.002909962341663814,0.00947164213169006,,0.0007988131918292822,0.022595001711742554,0.008102248088554148,0.006219331279242269,0.01626155426223896,0.041766518315645325,0.00028529042565331506,,,,0.01551979915554034,0.0026246719160104987,0.00034234851078397807,,0.004222298299669063,0.0011982197877439234,0.006732854045418236,0.016375670432500284,0.010726920004564646
GH03_W_HNY1228__TRB.csv,0.001299336574031612,0.006053379803723746,0.01753340059310893,0.00047387569170564677,0.011418875538842521,0.0004280167537986487,,4.585893790699807e-05,0.020850530435048458,0.01702895227613195,0.0055183588614754345,0.005457213610932771,0.006756550184964383,0.005503072548839769,0.0004280167537986487,0.021140970375126113,0.059830627655996824,0.030282185331254395,0.09248219144577945,,0.022333302760708062,0.004127304411629827,,0.07082148644104069,0.09515729615702101,0.06415665413189031,0.0825613745452322,,0.010853281971322877,0.024549818092879636,0.025665718915283256,0.012443058485432144,0.032330551224433644,4.585893790699807e-05,0.0103029747164389,0.003271270904032529,0.022623742700785716,,0.00033629887798465255,0.05006267388180623,0.01299336574031612,0.006022807178452414,0.03217768809807698,0.02410651502644532,0.0001222905010853282,4.585893790699807e-05,3.057262527133205e-05,,0.023219908893576693,0.003164266715582867,7.643156317833013e-05,,0.0034852792809318537,0.0005044483169769789,0.002950258338683543,0.029563728637378092,0.027362499617842186
GH03_W_LXZ1225__TRB.csv,0.0006736210015781978,0.0038300165518303244,0.019640863774587167,0.0008372146733900458,0.012529350629354478,0.0011451557026829363,,1.9246314330805652e-05,0.03580776781246391,0.015964817737403287,0.0021074714192232187,0.005321605912467762,0.021180568921051617,0.03732822664459756,0.0005196504869317526,0.017927941799145464,0.06767004118711267,0.02339389506909427,0.11608414488625428,,0.013953577889834097,0.002684860849147388,,0.03560568151199046,0.10980984641441165,0.06921936949074252,0.028186227337464877,,0.009998460294853536,0.02379806767004119,0.031390738673544014,0.014665691520073906,0.029543092497786673,7.698525732322261e-05,0.013097116902113246,0.002530890334500943,0.008295161476577235,2.8869471496208475e-05,0.0009430694022094769,0.02398090765618384,0.01680203241079333,0.0030601639785980982,0.04821201739866816,0.015204588321336464,0.00020208630047345932,0.00010585472881943108,0.0002309557719696678,,0.03051503137149236,0.004878940682859233,0.00039454944378151583,,0.004570999653566342,0.0005870125870895723,0.024288848685476733,0.03743408137341699,0.013722622117864429
GH03_W_ZXM1225__TRB.csv,0.0020924654701844347,0.005541311719460756,0.08033247870316765,0.000793978992639153,0.022959225870482176,0.0010338268133322306,,3.308245802663138e-05,0.03170126540401952,0.01300967661897279,0.00479695641386155,0.0041353072533289225,0.009420229923083286,0.021147961293524108,0.0004135307253328922,0.02245471838557605,0.05621536680175337,0.028566702505996196,0.09298651889835415,,0.010495409808948804,0.003316516417169796,,0.03529898271441568,0.054850715408154824,0.06068149863534861,0.03607642047804152,,0.011148788354974775,0.024646431229840376,0.013563807790918866,0.039376395666198,0.035629807294681994,9.924737407989413e-05,0.01162848399636093,0.003515011165329584,0.0062691257960466465,1.654122901331569e-05,0.0018278058059713837,0.0276238524522372,0.02014721693821851,0.008196178976097925,0.02558928128359937,0.017707385658754446,0.0001488710611198412,0.00013232983210652552,0.00018195351914647258,,0.058878504672897194,0.00648416177321975,0.00045488379786618144,3.308245802663138e-05,0.00479695641386155,0.0010503680423455462,0.014076585890331651,0.04863121329914813,0.019791580514432222
BW_CT0530__TRB.csv,0.0008824895494658616,0.004168601950766373,0.011994890849976776,0.0019159312587087784,0.021423594983743615,0.0012656758012076174,,1.161170459823502e-05,0.01308639108221087,0.012958662331630283,0.002136553646075244,0.006723176962378077,0.008871342313051556,0.01052020436600093,0.0003831862517417557,0.021330701346957734,0.06564096609382257,0.032036692986530425,0.15516720854621457,,0.009556432884347422,0.004064096609382257,,0.03383650719925685,0.10004644681839293,0.06637250348351138,0.03280306549001393,,0.013028332559219693,0.022097073850441244,0.008383650719925684,,0.062459359033906175,0.0001045053413841152,0.018764514630747794,0.006026474686483976,0.01784718996748723,1.161170459823502e-05,0.001741755689735253,0.027368787738039944,0.011367858801672086,0.0031816070599163956,0.03336042731072922,0.018416163492800744,0.00029029261495587555,0.00018578727357176033,9.289363678588016e-05,,0.03152577798420808,0.00793079424059452,0.00025545750116117046,1.161170459823502e-05,0.004807245703669299,0.0007315373896888063,0.014537854156990247,0.04904784022294473,0.02922666047375755
BW_17__TRB.csv,0.0026100782104421507,0.004677921863081179,0.012691964819086656,0.0015439899273038077,0.015936181749671444,0.0025916973779742483,,2.757124870185371e-05,0.0390500785780588,0.012600060656747144,0.0018472736630241984,0.015044711374978172,0.010679263663851336,0.07175876995469124,0.0007995662123537576,0.016028085912010954,0.059893942596660206,0.02379398762969975,0.07074782416895661,,0.018261357056861105,0.0035750719150070306,,0.02103686275951438,0.09750112582598866,0.03860893859882914,0.02728634579860122,,0.009539652050841382,0.028085912010954978,0.006745765515720207,,0.05982960968302255,7.352332987160988e-05,0.01420838349768861,0.00743504673326655,0.024832504664136237,7.352332987160988e-05,0.0023619369721254676,0.05383745829848634,0.012030254850242167,0.00230679447472176,0.03518091334356533,0.01628541756656159,0.0002297604058487809,0.0001838083246790247,0.00019299874091297596,,0.036954663676717917,0.017452600428273398,0.0003859974818259519,1.838083246790247e-05,0.013693720188587341,0.0010477074506704408,0.01838083246790247,0.047091692782766134,0.022948469336176235
BW_1__TRB.csv,0.0005213551143914457,0.001359612357138476,0.010202204003189467,0.001185827319007994,0.010519106131545051,0.002105865756169369,,1.0222649301793053e-05,0.014158369282983379,0.028991433419885096,0.005009098157878596,0.002862341804502055,0.006736725889881621,0.006552718202449347,0.00013289444092330968,0.011807159943570976,0.04274089673079675,0.03498190591073583,0.09106335998037252,,0.023297417758786368,0.0014822841487599926,,0.011336918075688495,0.04185152624154076,0.04508188342090736,0.03201733761321584,,0.0036494858007401197,0.0066344993968636915,0.013289444092330968,0.007574983132628652,0.2504855758418352,6.133589581075832e-05,0.007799881417268099,0.0023920999366195744,0.004600192185806874,1.0222649301793053e-05,0.0009404837357649609,0.013483674429065036,0.0133916705853489,0.0012369405655169594,0.029594569728690887,0.007677209625646582,2.0445298603586107e-05,4.0890597207172214e-05,0.00010222649301793052,,0.1353887673529472,0.004191286213735152,0.00016356238882868885,,0.0028112285579930895,0.003864161436077774,0.005745128907607696,0.03845760667334546,0.020383962707775347
BW_2__TRB.csv,0.0008000640051204096,0.0023681894551564127,0.020833666693335466,0.0013121049683974717,0.010512841027282182,0.003792303384270742,,,0.025426034082726617,0.02752220177614209,0.006080486438915113,0.00531242499399952,0.008288663093047443,0.004704376350108008,0.0006560524841987359,0.11468117449395952,0.09037523001840148,0.02096167693415473,0.06518921513721097,,0.015009200736058884,0.0028802304184334746,,0.017825426034082728,0.07392591407312585,0.049155932474597964,0.03816305304424354,,0.01142491399311945,0.02654612368989519,0.04638771101688135,,0.0355388431074486,6.400512040963277e-05,0.011136890951276101,0.005024401952156173,0.006864549163933115,0.00011200896071685735,0.0013761100888071045,0.03349067925434035,0.007584606768541484,0.002384190735258821,0.029138331066485317,0.044467557404592364,0.00012801024081926553,,0.0006560524841987359,,0.028738299063925114,0.004960396831746539,0.0005120409632770621,,0.004016321305704456,0.0009280742459396752,0.03433874709976798,0.0425794063525082,0.015825266021281703
BW_4__TRB.csv,0.0006675637053957923,0.0017523547266639547,0.037174953844228184,0.0009491921436096422,0.007530953051496281,0.0010534989725777346,,0.00011473751186490179,0.03634049921248344,0.011838825087878504,0.0020965672622586602,0.0031500662348363947,0.0077291360265356575,0.006112380177530223,0.0006467023396021737,0.021059548768657885,0.04731357761992678,0.01986002023552482,0.07848045811559283,,0.005789029007729136,0.0027537002847576432,,0.035193124093834426,0.036851602674427095,0.15527114560190255,0.022290369350481377,,0.008031625830543126,0.035109678630659946,0.013111368401289233,0.05132939053519834,0.024313921832462372,2.0861365793618508e-05,0.011505043235180607,0.0029414525769002097,0.006112380177530223,2.0861365793618508e-05,0.002253027505710799,0.019870450918421628,0.025961969730158234,0.0020339831648778046,0.08999593203367025,0.015030614054302135,5.215341448404627e-05,8.344546317447403e-05,9.387614607128329e-05,,0.04518571830897769,0.007384923490940952,0.0006049796080149367,1.0430682896809254e-05,0.006101949494633414,0.0007718705343638848,0.011285998894347614,0.04481021372469256,0.03395187282911412
BW_9__TRB.csv,0.0036708473539308656,0.004053227286631997,0.04665035178953809,0.0013000917711838483,0.02317222392168859,0.004817987152034261,,,0.020648516365861118,0.04573263995105537,0.0019883756500458857,0.005200367084735393,0.01475986540226369,0.015677577240746407,0.00038237993270113184,0.004129703273172224,0.04642092382991741,0.024548791679412665,0.06110431324564087,,0.05429795044356072,0.014071581523401652,,0.023707555827470174,0.046879779749158766,0.10683695319669624,0.016365861119608444,,0.010630162129091465,0.019501376567757724,0.0068828387886203735,0.0003059039461609055,0.05460385438972163,0.0002294279596206791,0.016977669011930253,0.004435607219333129,0.010171306209850108,,0.002906087488528602,0.02278984398898746,0.054450902416641175,0.0065004588559192415,0.03892627714897522,0.011624349954114408,0.0003059039461609055,,,,0.04726215968185989,0.018048332823493423,0.0002294279596206791,0.00015295197308045274,0.008565310492505354,0.003288467421229734,0.011700825940654634,0.04114408075864179,0.021948608137044967
BW_8__TRB.csv,0.0010905446828578164,0.001680028295213393,0.0068380099033246875,0.00020631926432445179,0.00577693940108465,0.00100212214100448,,,0.006985380806413582,0.006955906625795803,0.0065432680971468996,0.004067436925253478,0.0028000471586889886,0.007339070973826928,8.842254185333648e-05,0.003536901674133459,0.02054350389059184,0.023962508842254187,0.04073331761377034,,0.11680617778825748,0.002240037726951191,,0.08011082291912285,0.038286960622494697,0.0483081820325395,0.004244282008960151,,0.0035663758547512378,0.00801697712803584,0.010139118132515916,,0.14224239566140062,,0.010198066493751474,0.0009726479603867012,0.00677906154208913,,0.02782362650318321,0.009136995991511436,0.005983258665409102,0.0010610705022400376,0.12523579344494223,0.016652912049045038,0.006454845555293563,5.894836123555765e-05,2.9474180617778827e-05,,0.013145484555529356,0.003536901674133459,0.00017684508370667296,,0.004480075453902382,0.003861117660929026,0.10121433624145248,0.023726715397311953,0.045360763970761615
BW_5__TRB.csv,0.0011587725288141205,0.0038591263682827403,0.016378008152792434,0.0011173877956421876,0.012725805450369358,0.0010035797794193722,,1.0346183292983219e-05,0.021230368117201564,0.010863492457632379,0.002141659941647526,0.0034763175864423613,0.025948227698801913,0.007573406170463716,0.0006414633641649596,0.01641939288596437,0.05806278064022182,0.04468516564239452,0.10799346121215883,,0.005245514929542492,0.0027727771225195025,,0.022420179195894636,0.12696836137149006,0.076447948351853,0.02639311358040019,,0.012498189417923728,0.014019078361992262,0.027458770459577463,0.009746104661990192,0.10569660852111656,7.242328305088253e-05,0.03339747966974983,0.005069629813561777,0.011329070705816624,5.173091646491609e-05,0.0006828480973368925,0.023258220042626274,0.018850745959815424,0.0021520061249405095,0.018271359695408364,0.012498189417923728,0.00020692366585966436,0.0001138080162228154,7.242328305088253e-05,,0.03978107476152048,0.004728205764893331,0.0002793469489105469,5.173091646491609e-05,0.003414240486684462,0.0007759637469737414,0.013719039046495747,0.033262979286941045,0.013005152399279905
BW_6__TRB.csv,0.003154461053159838,0.0060221529196687815,0.04348137792594186,0.0017923074165680898,0.02437538086532602,0.00419399935476933,,7.169229666272359e-05,0.022475535003763845,0.0517976843388178,0.0020432304548876224,0.0043015377997634155,0.008459691006201383,0.01476861311252106,0.00021507688998817078,0.008065383374556404,0.06312506721152812,0.021722765888805246,0.0630533749148654,,0.046026454457468544,0.02179445818546797,,0.02778076495680539,0.04957522314227336,0.08689106355522098,0.01577230526579919,,0.011542459762698498,0.02713553428684088,0.008423844857870021,0.00025092303831953256,0.04290783955264007,3.5846148331361796e-05,0.01358569021758612,0.0038713840197870737,0.009140767824497258,3.5846148331361796e-05,0.002437538086532602,0.01756461268236728,0.049826146180592897,0.0037996917231243503,0.039072301681184356,0.012223536580994373,0.00021507688998817078,0.00021507688998817078,0.0004659999283077033,,0.05412768398035631,0.024697996200308277,0.00035846148331361794,,0.00738430655626053,0.005018460766390651,0.012331075025988458,0.04312291644262824,0.019249381653941283
BW_7__TRB.csv,0.0035238504512247527,0.0041254834550923936,0.02273313278899871,0.0015040825096691017,0.03764503652771809,0.0029222174473571122,,,0.018091963902019767,0.020584443489471423,0.004039535883111302,0.005242801890846583,0.00477009024495058,0.01289213579716373,0.0002578427159432746,0.009712075633863343,0.04757198109153416,0.021787709497206705,0.10825096691018479,,0.013064030941125912,0.003996562097120756,,0.03601203266007735,0.136140954018049,0.1305113880532875,0.005930382466695316,,0.012247529007305543,0.015556510528577568,0.0058444348947142245,,0.06892995272883541,,0.011688869789428449,0.001976794155565105,0.00782122905027933,,0.0018908465835840139,0.02853459389772239,0.011903738719381177,0.0020627417275461968,0.06218306832831973,0.014181349376880103,0.0001289213579716373,0.0001289213579716373,8.594757198109153e-05,,0.01968199398366996,0.00782122905027933,0.0006016330038676408,,0.010743446497636441,0.0010743446497636442,0.008165019338203695,0.03919209282337774,0.0162440911044263
BW_16__TRB.csv,0.0006782499476658991,0.0024869164747749633,0.022993510571488383,0.0015658362989323844,0.014251622357127904,0.002972576931128323,,8.373456144023446e-06,0.019535273184006698,0.03583839229642035,0.005945153862256646,0.01581745865606029,0.010173749214988486,0.006079129160561022,0.0005693950177935943,0.010550554741469542,0.08010048147372828,0.021595143395436465,0.08892610424952899,,0.007778940757797781,0.004856604563533599,,0.0313585932593678,0.12370944107180239,0.10078291814946619,0.02874607494243249,,0.014854511199497593,0.013673853883190286,0.017726606656897636,,0.05833786895541135,0.00010048147372828135,0.011773079338496965,0.0041113669667155114,0.008875863512664853,3.3493824576093786e-05,0.0011052962110110949,0.03777266066568977,0.0073770148628846555,0.007477496336612937,0.025338078291814947,0.015063847603098179,9.210801758425791e-05,8.373456144023445e-05,0.00021770985974460958,,0.029566673644546786,0.01096085409252669,0.00022608331588863304,1.6746912288046893e-05,0.024031819133347287,0.0008875863512664853,0.01236759472472263,0.04447979903705254,0.016127276533389155
BW_11__TRB.csv,0.0014862339420515915,0.0063422458319231274,0.013008225789837692,0.0012655061288756124,0.013302529540738997,0.00366408169872125,,,0.0185117059316921,0.015421516547228394,0.004046676574892947,0.006018511705931692,0.0067101255205497595,0.011257118471974926,0.000338449313536501,0.01317009285283341,0.04936945421369395,0.08834998602057183,0.07974160130670865,,0.01124240328442986,0.004134967700163339,,0.015362655797048133,0.0401577468104831,0.08474476507203084,0.027899995585443736,,0.00620980914401754,0.08546580926173904,0.011080536221434142,,0.046029106640964136,2.9430375090130523e-05,0.010712656532807511,0.003781803199081772,0.020792560001177216,4.414556263519578e-05,0.001294936503965743,0.021719616816516327,0.01015347940609503,0.0019276895684035493,0.025089394764336272,0.026516767956207603,0.00016186706299571788,5.8860750180261046e-05,0.00023544300072104418,,0.06420236325911974,0.006136233206292214,0.0002943037509013052,1.4715187545065262e-05,0.005179746015862972,0.0008681960651588504,0.014200155980987977,0.10768574245478758,0.014568035669614609
BW_12__TRB.csv,0.0006469942895721398,0.0012236631128864385,0.01876986694421784,0.0011322400067512448,0.019564544712931446,0.0028692790233199247,,1.4065093251568258e-05,0.019599707446060367,0.014620664435005204,0.002841148836816788,0.003333427100621677,0.0060339250049227825,0.0059846971785422936,0.0005766688233142986,0.018340881600045007,0.04232186559396889,0.028713887873076598,0.19790289459619118,,0.00989479310247827,0.0028622464766941405,,0.008650032349714478,0.032553658330754735,0.18580691439984248,0.05245576528172382,,0.010703535964443444,0.013157894736842105,0.012384314608005851,0.011877971250949394,0.03988860446144758,3.516273312892064e-05,0.013664238093898563,0.003171678528228642,0.011885003797575178,3.516273312892064e-05,0.0013221187656474163,0.016941404821513968,0.01554896058960871,0.00206053616135475,0.02239866100312245,0.023305859517848602,0.0001969113055219556,0.00018284621227038735,0.0003305296914118541,,0.04647106810318152,0.007327913584067062,0.0003375622380376382,,0.003825705364426566,0.0013432164055247687,0.010000281301865031,0.03811640271174998,0.01677262370249515
BW_13__TRB.csv,0.0017727502954583826,0.014080702346783724,0.06062806010467668,0.000979233496538916,0.014519669086611514,0.0011143001857166976,,1.688333614722269e-05,0.06125274354212392,0.02049637008272835,0.0015026169171028195,0.0035623839270639878,0.0127975687995948,0.025189937531656256,0.00018571669761944962,0.011970285328380887,0.04566942427823738,0.029377004896167482,0.07470876245146041,,0.008981934830322471,0.007597501266250211,,0.0966570994428499,0.04283302380550397,0.04838764139794023,0.036484889414148236,,0.01963531993921999,0.01757555292925882,0.00577410096235016,,0.056002026000337664,8.441668073611346e-05,0.013320952220158703,0.0030221171703528615,0.016039169339861558,1.688333614722269e-05,0.0026000337666722945,0.01762620293770049,0.00903258483876414,0.0033091338848556476,0.04127975687995948,0.011244301874050313,0.0008779334796555799,5.065000844166807e-05,0.0006753334458889077,,0.049974674995779164,0.008694918115819687,0.00015195002532500423,,0.005993584332264055,0.001097416849569475,0.025004220834036806,0.03942258990376499,0.030727671787945297
BW_14__TRB.csv,0.0006211608806680931,0.003934018910897922,0.010490717095727794,0.0032438401546000415,0.012630271240251225,0.0013113396369659742,,,0.02194768445027262,0.010835806473876735,0.0014493753882255504,0.05887224791220926,0.024984470977983297,0.006487680309200083,0.00027607150251915245,0.016564290151149148,0.0510732279660432,0.01822071916626406,0.0656359997239285,,0.006004555179791566,0.003934018910897922,,0.036855545586306854,0.05838912278280074,0.051487335219821934,0.03706259921319622,,0.016357236524259782,0.012630271240251225,0.008489198702463938,0.0069708054386086,0.10152529505141832,,0.015805093519221478,0.008903305956242667,0.01283732486714059,0.00013803575125957622,0.0008972323831872455,0.019186969425081097,0.0197391124301194,0.0015874111394851267,0.019255987300710885,0.057698944026502864,0.00013803575125957622,0.00020705362688936435,0.00013803575125957622,,0.0627372489474774,0.036165366830008976,0.0008972323831872455,,0.006004555179791566,0.0015183932638553384,0.011802056732693769,0.0574918903996135,0.018565808544413004
BW_15__TRB.csv,0.001577107243292544,0.012825872159306834,0.06093714372577335,0.00038002584175723947,0.011524283651288287,0.0010165691267006156,,1.9001292087861974e-05,0.092925818955689,0.02397963061488181,0.0012255833396670973,0.003733753895264878,0.010745230675685946,0.02568024625674546,0.00019951356692255075,0.008702591776240784,0.04275290719768944,0.026905829596412557,0.07793379949836589,,0.007572014897012997,0.007619518127232652,,0.12900927263053888,0.03167515391046591,0.040273238580223455,0.06741658432773429,,0.013015885080185453,0.013490917382382003,0.005567378581743558,,0.04109029414000152,3.800258417572395e-05,0.007011476780421069,0.0019286311469179905,0.008579083377669681,9.500646043930987e-06,0.0013395910921942691,0.016616629930835295,0.007610017481188721,0.0024891692635099186,0.05349813787337539,0.009415140229535608,0.0005605381165919282,3.800258417572395e-05,0.00027551873527399863,,0.04648666109295432,0.0054058675989967315,7.60051683514479e-05,1.9001292087861974e-05,0.00481682754427301,0.000693547161206962,0.01740518355248157,0.030639583491677433,0.025252717184768566
BF__TRB.csv,,0.00793860809738026,0.05027785128340831,0.0007938608097380259,0.013627943900502778,0.0011907912146070388,,,0.022095792537708388,0.016274146599629533,0.0021169621593014024,0.004233924318602805,0.015612595924847844,0.0037046837787774543,0.0011907912146070388,0.021698862132839374,0.07687218840963218,0.03215136279439005,0.11299285525271235,,0.012304842550939402,0.0015877216194760519,,0.04022228102672665,0.1559936491135221,0.08017994178354063,0.030299020905001323,,0.013363323630590103,0.01521566551997883,0.009129399311987299,0.01349563376554644,0.023021963482402753,,0.01971421010849431,0.0006615506747816883,0.01071712093146335,,0.0007938608097380259,0.038766869542206935,0.02090500132310135,0.009129399311987299,0.032019052659433715,0.017861868219105584,,,,,0.019846520243450648,0.0015877216194760519,,,0.0010584810796507012,0.0021169621593014024,0.010849431066419687,0.023551204022228104,0.012834083090764753
BW_10__TRB.csv,0.0027844146296636648,0.005697482080499908,0.024903510384120565,0.001764381547509649,0.02731115603749311,0.005394229002021687,,5.513692335967653e-05,0.02063958831097225,0.045487961771733136,0.0030509097592354346,0.0052012497702628195,0.017873552655761807,0.008105127733872449,0.0005789376952766036,0.012617165962139312,0.07507811064142621,0.019858481896710165,0.06632971880169086,,0.04131593457085095,0.012782576732218342,,0.03398272376401397,0.059731666972982905,0.05597316669729829,0.02505054217974637,,0.023065612938798014,0.019803344973350488,0.00767322183422165,0.00035839000183789744,0.052343319242786256,6.432641058628929e-05,0.014252894688476384,0.0071310420878514975,0.011165226980334498,3.675794890645102e-05,0.0018562764197757764,0.012212828524168351,0.0323469950376769,0.003914721558537034,0.02228450652453593,0.012424186730380446,0.00021135820621209336,0.00017460025730564236,0.00021135820621209336,,0.07907553758500276,0.030031244256570482,0.00029406359125160817,,0.01094467928689579,0.012516081602646572,0.01284690314280463,0.04077375482448079,0.02041904061753354
iRNormal_088_R__TRB.csv,0.002557333773304735,0.00739151955122917,0.0182148160369576,0.0008249463784853984,0.010443821151625144,0.0007919485233459825,,1.649892756970797e-05,0.14672496287741296,,0.0032337898036627617,0.0056921300115492495,0.011384260023098499,0.004652697574657647,0.0012869163504372215,0.028774129681570698,0.08269262497937634,0.02436891602045867,0.06823956442831217,1.649892756970797e-05,0.014519056261343012,0.002656327338722983,,0.02291701039432437,0.10196337238079525,0.083220590661607,0.03474674146180498,,0.012044217125886818,0.0233954792938459,0.010542814717043393,0.0124236924599901,0.03715558488698235,1.649892756970797e-05,0.01275367101138426,0.003629764065335753,0.005989110707803993,,0.0012374195677280976,0.014568553044052137,0.012968157069790464,0.002771819831710939,0.024814387064840786,0.016416432931859428,0.00014849034812737172,0.00023098498597591156,0.00023098498597591156,,0.032304900181488204,0.005989110707803993,3.299785513941594e-05,,0.004273222240554364,0.0008084474509156904,0.009981851179673321,0.06307540009899357,0.01486553374030688
LFJ__TRB.csv,0.00325023455300898,0.00529419648840638,0.02466157351561453,0.0006031363088057901,0.01407318053880177,0.003199973193941831,,,0.027811285350489212,0.01792655140061654,0.006466961533306528,0.0051099048384935,0.019350623240852433,0.006232408524326498,0.0012732877630344459,0.025432247687977482,0.09243063932448733,0.041030022785149445,0.10655408122235625,,0.008075325023455301,0.003233480766653264,,0.032803913684492696,0.09222959388821873,0.06098378233480767,0.035166197560648704,,0.011828173167135773,0.027828039136844927,0.036623776973596034,0.014324487334137515,0.011174775499262834,1.6753786355716393e-05,0.03184894786221686,0.003233480766653264,0.010789438413081356,1.6753786355716393e-05,0.0009717196086315508,0.03583634901487736,0.01202921860340437,0.008845999195818254,0.029134834472590805,0.021897198766921325,0.0002177992226243131,0.00010052271813429835,0.00030156815440289503,,0.03811486395925479,0.004975874547647768,0.00028481436804717866,1.6753786355716393e-05,0.0037360943573247554,0.0009214582495644016,0.011074252781128535,0.028498190591073582,0.022165259348612788
SS03F_W_1_HJ__TRB.csv,0.0012889673938988877,0.007590585764071228,0.022485320093569485,0.00033417673175156347,0.015419869193679285,0.007399627631641763,,9.547906621473243e-05,0.035852389363632026,0.01460829713085406,0.003007590585764071,0.001575404592543085,0.011791664677519454,0.004582995178307156,0.0006206139303957608,0.017424929584188665,0.08445123406693082,0.036616221893349885,0.17525182603714134,,0.014178641332887765,0.0019573208574020146,,0.02850050126509763,0.08411705733517927,0.11290399579892109,0.05055616556070082,,0.0075428462309638615,0.02721153387119874,0.013367069270062539,,0.022867236358428415,4.773953310736621e-05,0.009977562419439538,0.0026256743209051416,0.009261469422829044,,0.0009070511290399579,0.024108464219219937,0.007351888098534396,0.00768606483028596,0.02014608297130854,0.047214398243185185,,4.773953310736621e-05,0.00019095813242946485,,0.01938225044159068,0.003866902181696663,0.0003819162648589297,,0.004582995178307156,0.00138444646011362,0.008593115959325917,0.018188762113906527,0.0104549577505132
WDM__TRB.csv,0.0012992545260915869,0.0025133120340788072,0.014952076677316293,0.0007241746538871139,0.009946751863684771,0.0018317358892438764,,2.1299254526091586e-05,0.021299254526091587,0.017380191693290734,0.003109691160809372,0.0019382321618743345,0.024920127795527155,0.0050266240681576145,0.0009371671991480298,0.022193823216187434,0.0900958466453674,0.06820021299254526,0.09642172523961662,,0.016847710330138446,0.002641107561235357,,0.019510117145899893,0.16285410010649629,0.08462193823216188,0.03050053248136315,,0.006304579339723109,0.015612353567625133,0.011991480298189564,,0.04044728434504792,8.519701810436634e-05,0.014419595314164004,0.0030670926517571886,0.006134185303514377,2.1299254526091586e-05,0.0010862619808306708,0.03254526091586794,0.005218317358892438,0.0036634717784877527,0.01787007454739084,0.01853035143769968,0.00019169329073482429,0.00012779552715654952,0.00014909478168264112,,0.02066027689030884,0.004238551650692226,0.00029818956336528224,,0.005303514376996805,0.0009371671991480298,0.02055378061767838,0.053738019169329077,0.017018104366347177
WGF__TRB.csv,0.0018898053061045107,0.00517132769809994,0.03236108466034778,0.0007031833697133063,0.012320358623518555,0.002710185904103368,,1.4649653535693881e-05,0.026970012159212433,0.02329294912175327,0.004702538784957736,0.0021534990697470004,0.014429908732658472,0.005522919382956593,0.0006738840626419185,0.025124155813715007,0.07371705659161161,0.04227890010401254,0.10577049852770982,,0.016510159534727002,0.0025929886758178167,,0.02808338582792517,0.14383029841344253,0.09848962072046996,0.02623752948242774,,0.010943291191163329,0.017770029738796676,0.012964943379089084,0.008306353554738431,0.025885937797571087,4.3948960607081645e-05,0.01347768125283837,0.0053178242334568785,0.007749666720382063,1.4649653535693881e-05,0.0013917170858909187,0.030119687669386618,0.015411435519549963,0.003808909919280409,0.030031789748172454,0.027526698993568802,0.0001611461888926327,0.00029299307071387764,0.00010254757474985717,,0.03000249044110107,0.0039993554152444296,0.000249044110106796,5.8598614142775525e-05,0.004687889131422042,0.0006592344091062247,0.011119087033591655,0.026413325324856067,0.015938823046834943
WJW__TRB.csv,0.002178988326848249,0.005291828793774319,0.024591439688715952,0.0004669260700389105,0.012295719844357976,0.0004669260700389105,,,0.021634241245136188,0.01961089494163424,0.0062256809338521405,0.010739299610894941,0.01649805447470817,0.008093385214007782,,0.0222568093385214,0.056186770428015564,0.07050583657587549,0.09883268482490272,,0.007626459143968872,0.010272373540856031,,0.024280155642023345,0.16124513618677042,0.0932295719844358,0.021634241245136188,,0.0088715953307393,0.009182879377431907,0.05027237354085603,,0.017587548638132295,,0.00933852140077821,0.004357976653696498,0.007003891050583658,0.0001556420233463035,,0.017120622568093387,0.003735408560311284,0.004513618677042802,0.02132295719844358,0.02178988326848249,,,,,0.015408560311284047,0.0023346303501945525,,,0.01961089494163424,,0.017431906614785993,0.06428015564202334,0.01151750972762646
HL_W_XQF1225__TRB.csv,0.0017763657947101876,0.00877080611138155,0.015013707053367836,0.0011443895023613708,0.018745783266292605,0.0012724928048645093,,1.7080440333751804e-05,0.020906458968512207,0.029421058474887483,0.0076605774896876845,0.008343795103037756,0.008992851835720324,0.006379544464656299,0.0004697121091781746,0.02469831672260511,0.06114797639483146,0.03604826932438318,0.12696745322094405,,0.009274679101227229,0.023272099954736832,,0.057347578420571685,0.10524967333657861,0.08260100945402372,0.034664753657349286,,0.01415114481651337,0.02269136498338927,0.010547171906091739,0.00881350721221593,0.02554379851912582,4.270110083437951e-05,0.011025424235436789,0.0031769619020778355,0.006277061822653788,,0.0007429991545182035,0.01810526675377691,0.01840417445961757,0.006883417454501977,0.037132877285576425,0.013766834909003954,0.00010248264200251083,0.00010248264200251083,7.686198150188311e-05,,0.03496366136318994,0.005525522447968709,0.00022204572433877346,1.7080440333751804e-05,0.008582921267710281,0.0008796426771882179,0.008557300607209654,0.03697061310240578,0.016508245582571118
JGR__TRB.csv,0.0017445680494822939,0.003013344812742144,0.028479506989600563,0.0012234633074291411,0.012619797448852436,0.0031945986360649796,,,0.02938577610621474,0.02714276004259465,0.006525137639622086,0.0031039717244035615,0.016720665201531596,0.006253256904637832,0.0009062691166141786,0.027233386954256065,0.09583795908194938,0.03697577995785849,0.1101570111244534,,0.013865917484196933,0.0032852255477263973,,0.026372431293472595,0.048643994834266034,0.11260393773931168,0.0284115368058545,,0.008813467159072887,0.014387022226250086,0.01567845571742529,0.02288329519450801,0.031379568162765936,2.2656727915354465e-05,0.013684663660874096,0.0030360015406574983,0.009855676643179193,,0.0014047171307519767,0.026100550558488343,0.02639508802138795,0.004621972494732311,0.037179690509096676,0.024469266148582823,0.00015859709540748124,0.00011328363957677233,9.062691166141786e-05,,0.03996646804268528,0.004259464848086639,0.0002492240070688991,,0.010014273738586673,0.0008836123886988241,0.015791739357002062,0.02304189228991549,0.02181842898248635
