,IGHV1-14,IGHV1-17,IGHV1-18,IGHV1-2,IGHV1-24,IGHV1-3,IGHV1-45,IGHV1-46,IGHV1-58,IGHV1-67,IGHV1-68,IGHV1-69,IGHV1-69-2,IGHV1-69D,IGHV1-8,IGHV2-10,IGHV2-26,IGHV2-5,IGHV2-70,IGHV3-11,IGHV3-13,IGHV3-15,IGHV3-16,IGHV3-19,IGHV3-20,IGHV3-21,IGHV3-22,IGHV3-23,IGHV3-25,IGHV3-30,IGHV3-33,IGHV3-35,IGHV3-37,IGHV3-38,IGHV3-41,IGHV3-42,IGHV3-43,IGHV3-47,IGHV3-48,IGHV3-49,IGHV3-50,IGHV3-52,IGHV3-53,IGHV3-54,IGHV3-57,IGHV3-6,IGHV3-60,IGHV3-62,IGHV3-64,IGHV3-65,IGHV3-66,IGHV3-7,IGHV3-71,IGHV3-72,IGHV3-73,IGHV3-74,IGHV3-75,IGHV3-76,IGHV3-9,IGHV4-28,IGHV4-30-2,IGHV4-31,IGHV4-34,IGHV4-39,IGHV4-4,IGHV4-55,IGHV4-59,IGHV4-61,IGHV4-80,IGHV5-10-1,IGHV5-51,IGHV5-78,IGHV6-1,IGHV7-27,IGHV7-34-1,IGHV7-4-1,IGHV7-56,IGHV7-81
iRNormal_JH__IGH.csv,4.394735107341405e-05,0.00019776307983036324,0.05069326946318311,0.03414709178404272,0.0032301303038959326,0.009932101342591575,,0.049748401415104705,0.00184578874508339,2.1973675536707026e-05,6.592102661012107e-05,0.014151047045639324,4.394735107341405e-05,0.0002636841064404843,0.0036036827880199522,4.394735107341405e-05,0.0033399986815794676,0.012503021380386297,0.01226131094948252,0.020127886791623636,0.0012964468566657144,0.028170252038058407,,4.394735107341405e-05,0.001713946691863148,0.042431167461381265,2.1973675536707026e-05,0.08053352084203125,2.1973675536707026e-05,0.08552154518886373,0.0006811839416379177,2.1973675536707026e-05,,0.00015381572875694917,2.1973675536707026e-05,,0.019688413280889494,8.78947021468281e-05,0.004306840405194577,0.010481443231009252,,2.1973675536707026e-05,0.03526774923641478,4.394735107341405e-05,,,2.1973675536707026e-05,4.394735107341405e-05,0.009778285613834627,0.00037355248412401944,0.00819618097519172,0.016875782812190994,8.78947021468281e-05,0.004680392889318596,0.0037574985167769014,0.012942494891120438,2.1973675536707026e-05,,0.018216177019930124,0.0005932892394910897,0.00030763145751389834,4.394735107341405e-05,0.011426311279087654,0.046430376409061946,0.07297457645740403,0.00010986837768353512,0.10969258827924147,0.0004394735107341405,,0.026500252697268672,0.07774286404886946,,0.02170999143026654,,,0.03021380386297216,2.1973675536707026e-05,
iRNormal_KW_R__IGH.csv,0.00011352026336701102,0.001248722897037121,0.0546032466795323,0.07106368486774889,0.004767851061414462,0.001021682370303099,0.00022704052673402204,0.038483369281416734,0.005221932114882507,,,0.02247701214666818,0.0066976955386536495,0.00011352026336701102,0.0113520263367011,,0.004086729481212396,0.023385174253604268,0.013622431604041321,0.027471903734816665,0.004200249744579407,0.03144511295266205,,,0.004994891588148484,0.03144511295266205,,0.10841185151549551,,0.08786468384606652,0.013622431604041321,,,,0.00011352026336701102,,0.008059938699057781,,0.018163242138721763,0.0074923373822227265,,,0.019866046089226926,,,,,,0.016573958451583607,0.00045408105346804407,0.008627540015892837,0.018276762402088774,,0.004654330798047452,0.0059030536950845725,0.016119877398115563,,,0.015438755817913498,0.00022704052673402204,0.003973209217845385,0.01577931660801453,0.034283119536837325,0.02554205925757748,0.07617209671926439,0.00011352026336701102,0.08184810988761494,,,0.00794641843569077,0.030991031899194006,,0.015438755817913498,,,,,
iRNormal_XH__IGH.csv,7.721212745148504e-05,0.0005919596437947187,0.07000566222267977,0.048875276676790036,0.0033458588562310185,0.024682143408658052,0.000566222267977557,0.06323673238276625,0.004529778143820456,0.00038606063725742524,0.00018016163072013177,0.04637875122252535,0.006074020692850157,0.025480002058990064,0.00036032326144026355,,0.002831111339887785,0.01603438513409173,0.0038348689967570905,0.016806506408606578,0.007875637000051474,0.029726669068821744,,,0.010320687702681835,0.0259947495753333,5.147475163432337e-05,0.09401863386009163,,0.07790703659854842,0.0065372934575590675,5.147475163432337e-05,,0.00012868687908580841,5.147475163432337e-05,,0.0056879600555927315,0.00025737375817161683,0.018247799454367632,0.0050445256601636896,7.721212745148504e-05,5.147475163432337e-05,0.015493900241931332,,5.147475163432337e-05,,0.00015442425490297008,,0.011041334225562362,5.147475163432337e-05,0.011607556493539919,0.018093375199464662,0.0002831111339887785,0.0035002831111339886,0.0030370103464250784,0.012662788902043547,,2.5737375817161683e-05,5.147475163432337e-05,0.0032171719771452102,0.0031399598496937254,0.013126061666752458,0.028722911411952438,0.08166469346785402,0.013666546558912853,0.0008235960261491739,0.07963144077829824,0.00015442425490297008,2.5737375817161683e-05,0.018608122715807897,0.04625006434343954,2.5737375817161683e-05,0.01621454676481186,,,0.002342101199361713,,2.5737375817161683e-05
HL_W_XQF1225__IGH.csv,0.000211109026083693,0.0004691311690748733,0.07857947082004128,0.005606117470444736,0.004761681366109965,0.04405141677613061,0.0005864139613435917,0.03511446800525427,0.001759241884030775,9.382623381497467e-05,,0.02458247325952336,,0.000422218052167386,0.03159598423719272,0.00016419590917620566,0.005301182210546069,0.05416119346969413,0.00811596922499531,0.013206042409457684,0.007506098705197973,0.010531994745730907,,,0.006028335522612122,0.025309626571589416,,0.06856352036029274,,0.05714017639331957,0.020172640270219554,2.3456558453743668e-05,,0.0007975229874272846,,,0.005746856821167198,,0.013534434227810095,0.0024160255207355975,,2.3456558453743668e-05,0.016161568774629386,,,0.00011728279226871833,4.6913116907487336e-05,2.3456558453743668e-05,0.002955526365171702,0.00016419590917620566,0.0009382623381497466,0.028218239819853632,0.000281478701444924,0.005207355976731094,0.005934509288797148,0.026154062675924187,2.3456558453743668e-05,,0.031478701444924,0.004269093638581347,0.003588853443422781,0.03940701820228936,0.09680521673860011,0.04616250703696754,0.0015950459748545693,0.00799868643272659,0.0633327078251079,0.0005395008444361043,,0.00011728279226871833,0.031079939951210358,,0.03785888534434228,,,0.022940514167761307,,2.3456558453743668e-05
HL_W_LS0121__IGH.csv,0.00016147263038914905,0.0004036815759728726,0.049309704505086385,0.0036936864201517843,0.007145163894719845,0.05415388341676086,0.00010092039399321815,0.045454545454545456,0.0033505570805748425,,,0.01511787502018408,,0.02331261101243339,0.09607621508154368,8.073631519457452e-05,0.002926691425803326,0.04507104795737123,0.015561924753754239,0.009547069271758437,0.002926691425803326,0.033848700145325365,,4.036815759728726e-05,0.003996447602131439,0.0247053124495398,4.036815759728726e-05,0.04662522202486678,,0.04632246084288713,0.026986113353786534,,,0.000766994994348458,0.00016147263038914905,,0.002684482480219603,4.036815759728726e-05,0.013281123849507508,0.00678185047634426,,6.055223639593089e-05,0.021152914580978524,,,4.036815759728726e-05,2.018407879864363e-05,2.018407879864363e-05,0.012312288067172614,2.018407879864363e-05,0.0017156466978847085,0.031144033586307122,0.00012110447279186178,0.003370741159373486,0.0030074277409979006,0.016207815275310834,,,0.018670272888745357,0.0021193282738575813,0.0026037461650250285,0.03675520749233005,0.02300984983045374,0.06571936056838366,0.0004642338123688035,0.011444372678830939,0.05806959470369772,0.018044566445987405,8.073631519457452e-05,0.015218795414177297,0.030780720167931534,,0.015642661068948814,,,0.03148716292588406,,2.018407879864363e-05
BW_CT0806__IGH.csv,9.757644504616586e-05,0.00029272933513849756,0.059082537475453424,0.00617171014916999,0.016648980936002047,0.06376620683766938,0.00012197055630770732,0.04082354519618964,0.0026101699049849367,7.318233378462439e-05,2.4394111261541464e-05,0.02268652347323356,,0.019259150840986984,0.018954224450217716,9.757644504616586e-05,0.0047446546403698145,0.047690487516313565,0.024930781709295375,0.01102613829021674,0.002878505128861893,0.02813860734018808,1.2197055630770732e-05,9.757644504616586e-05,0.0038420725236927807,0.022540158805664314,8.537938941539512e-05,0.0440069767158208,,0.05565516484320685,0.021039920963079512,7.318233378462439e-05,1.2197055630770732e-05,0.0005732616146462244,8.537938941539512e-05,,0.002597972849354166,1.2197055630770732e-05,0.02880944539988047,0.005232536865600644,,0.00014636466756924878,0.016648980936002047,,,,3.6591166892312195e-05,,0.0076841450473855615,0.00012197055630770732,0.0006952321709539317,0.02018612706892556,0.00014636466756924878,0.002427214070523376,0.003037066852061912,0.015002378425848,,,0.016892922048617465,0.002866308073231122,0.004708063473477502,0.04240916242818984,0.03875004573895861,0.05749692024345323,0.0005122763364923707,0.018283386390525326,0.06874260553502384,0.006854745264493151,2.4394111261541464e-05,0.017563760108309855,0.04325075926671301,2.4394111261541464e-05,0.015087757815263395,1.2197055630770732e-05,,0.04549501750277483,,9.757644504616586e-05
DDY__IGH.csv,,,0.054253472222222224,0.00390625,0.004774305555555556,0.0993923611111111,,0.08723958333333333,,,,0.03125,,,0.057291666666666664,,,0.026041666666666668,0.011284722222222222,0.013454861111111112,0.019097222222222224,0.029513888888888888,,,,0.034722222222222224,,0.03211805555555555,,0.044270833333333336,0.009114583333333334,,,,,,0.007378472222222222,,0.008246527777777778,0.008246527777777778,,,0.004340277777777778,,,,,,0.019097222222222224,0.0030381944444444445,0.0008680555555555555,0.032552083333333336,,0.006510416666666667,0.001736111111111111,0.016927083333333332,,,0.008680555555555556,0.001736111111111111,,0.0030381944444444445,0.024739583333333332,0.039496527777777776,0.0030381944444444445,0.007378472222222222,0.025607638888888888,0.0008680555555555555,,0.010850694444444444,0.03515625,,0.0763888888888889,,,0.09635416666666667,,
GH03_HJ625__IGH.csv,9.011038522189682e-05,9.011038522189682e-05,0.2099571975670196,0.03910790718630322,0.001757152511826988,0.010092363144852444,,0.02473530074341068,0.001531876548772246,,,0.07465645415634152,,0.000765938274386123,0.0070736652399189005,,0.00964181121874296,0.02009461590448299,0.002523090786213111,0.0127506195088984,0.0011263798152737104,0.018337463392656003,,,0.0004956071187204325,0.013651723361117368,,0.02842982653750845,,0.04397386798828565,,,,0.0009011038522189682,,,0.003829691371930615,,0.006397837350754674,0.0033340842532101826,,,0.013020950664564091,,,,,,0.026312232484793873,,0.010633025456183826,0.011128632574904257,0.0004054967334985357,0.008920928136967786,0.00018022077044379365,0.010723135841405723,,,0.03996395584591124,0.00018022077044379365,0.00018022077044379365,9.011038522189682e-05,0.009596756026132011,0.04091011489074116,0.00792971389952692,,0.05821130885334535,0.048389276864158594,0.00013516557783284524,0.00369452579409777,0.15102500563189908,,0.018607794548321694,,,0.004370353683261996,,4.505519261094841e-05
GH03_W_HNY1228__IGH.csv,0.0001888098684624583,0.0001888098684624583,0.06123733400465731,0.03146831141040972,0.005727232676694569,0.023915916671911387,0.00025174649128327774,0.026370444961923343,0.001321669079237208,,,0.018440430486500094,,0.002895084649757694,0.007489458115677513,,0.001888098684624583,0.03417458619170495,0.029391402857322675,0.015041852854175844,0.0022027817987286804,0.030398388822455786,,0.0001888098684624583,0.002139845175907861,0.032664107244005286,6.293662282081944e-05,0.06451003839133992,,0.06325130593492354,6.293662282081944e-05,,,6.293662282081944e-05,6.293662282081944e-05,,0.006230725659261124,,0.016426458556233873,0.014538359871609289,,0.00012587324564163887,0.015419472591100762,,,,,,0.011454465353389138,0.00012587324564163887,0.0046573100887406385,0.03027251557681415,0.00025174649128327774,0.01000692302851029,0.0037132607464283466,0.031782994524513816,,,0.01334256403801372,0.00446850022027818,6.293662282081944e-05,6.293662282081944e-05,0.039524199131474605,0.07048901755931777,0.01434955000314683,0.009755176537227012,0.0887406381773554,0.04959405878280571,6.293662282081944e-05,0.0077412046069607904,0.04355214299200705,,0.035181572156838065,,,0.022468374347032537,,
GH03_W_LXZ1225__IGH.csv,0.00017624768674911142,0.0003231207590400376,0.05055371148253679,0.039303234145051845,0.004964309843433305,0.027847134506359603,0.00014687307229092618,0.042945686337866815,0.004024322180771377,0.00011749845783274095,,0.01973974091590048,,0.022912199277384485,0.02053285550627148,8.812384337455571e-05,0.004670563698851452,0.03618952501248421,0.019886613988191405,0.014775431072467173,0.0030255852891930795,0.031430837470258204,2.9374614458185237e-05,2.9374614458185237e-05,0.00431806832535323,0.027347766060570454,2.9374614458185237e-05,0.04661751314513997,,0.08606762036248274,0.005757424433804306,2.9374614458185237e-05,,0.0008812384337455571,,,0.00746115207237905,8.812384337455571e-05,0.015186675674881767,0.009223628939870164,,2.9374614458185237e-05,0.011926093470023207,,,5.8749228916370475e-05,2.9374614458185237e-05,,0.008166142819375496,0.00011749845783274095,0.0008812384337455571,0.015862291807420027,0.00014687307229092618,0.0013218576506183355,0.002761213759069412,0.01189671885556502,,,0.01868225479540581,0.004670563698851452,0.004582439855476897,0.014599183385718062,0.063272919542931,0.06888347090444438,0.011367975795317686,0.01615603795200188,0.07928208442264195,0.004876186000058749,,0.013394824192932468,0.0431806832535323,,0.02552653996416297,8.812384337455571e-05,,0.03148958669917457,2.9374614458185237e-05,
GH03_W_ZXM1225__IGH.csv,0.00019713756259117613,0.0004337026377005875,0.061822339628592834,0.008555770216457044,0.009541458029412924,0.03197571265228877,0.00019713756259117613,0.037140716792177585,0.0033119110515317587,0.00011828253755470567,7.885502503647044e-05,0.03512991365374758,,0.0001577100500729409,0.02046287899696408,7.885502503647044e-05,0.0050467216023341085,0.04865355044750227,0.029452351851121713,0.015573867444702913,0.005874699365217048,0.028782084138311712,,3.942751251823522e-05,0.0043764538895241095,0.027047273587509364,0.00019713756259117613,0.0485746954224658,,0.08161495091274691,0.012656231518353506,3.942751251823522e-05,,0.0003154201001458818,7.885502503647044e-05,,0.006544967078027047,,0.014667034656783503,0.007057524740764105,,3.942751251823522e-05,0.018530930883570555,,,,,,0.016165280132476444,0.00011828253755470567,0.0020502306509482316,0.019792611284154084,0.0001577100500729409,0.0025233608011670542,0.0030359184639041125,0.014391042069155856,,,0.015297874857075268,0.0011039703505105864,0.005165004139888814,0.02941292433860348,0.03031975712652289,0.05373969956235461,0.019595473721562905,0.0006702677128099988,0.12620746757087095,0.000709695225328234,3.942751251823522e-05,0.01494302724441115,0.0438828214327958,,0.017111540432914088,,,0.019161771083862317,,3.942751251823522e-05
BW_1__IGH.csv,0.00014740566037735848,0.00036851415094339625,0.05888856132075472,0.00877063679245283,0.01061320754716981,0.07606132075471699,0.0008107311320754717,0.04178950471698113,0.005085495283018868,,,0.02152122641509434,,0.03839917452830189,0.04554834905660377,0.00014740566037735848,0.009949882075471699,0.0347877358490566,0.017172759433962265,0.012087264150943397,0.003242924528301887,0.02542747641509434,7.370283018867924e-05,0.00022110849056603774,0.002063679245283019,0.021152712264150945,7.370283018867924e-05,0.05852004716981132,,0.036556603773584904,0.020268278301886794,7.370283018867924e-05,,0.00022110849056603774,7.370283018867924e-05,,0.0030955188679245285,7.370283018867924e-05,0.012529481132075472,0.008991745283018868,,,0.02550117924528302,,,,,,0.0013266509433962263,,,0.020710495283018868,,0.0013266509433962263,0.0022110849056603773,0.020120872641509434,,,0.027638561320754717,0.004422169811320755,0.00022110849056603774,0.043853183962264154,0.02933372641509434,0.08365271226415094,0.00022110849056603774,0.011497641509433961,0.05321344339622641,0.008254716981132075,,,0.06227889150943396,,0.008991745283018868,,,0.02041568396226415,,
BW_2__IGH.csv,1.3661575452881227e-05,0.00015027732998169348,0.050329243968414435,0.037487363042706084,0.005587584360228421,0.023607202382578758,0.00023224678269898085,0.055848520451378454,0.0024864067324243833,,,0.04046558649143419,0.005628569086587066,0.0015437580261755785,0.019986884887565233,6.830787726440613e-05,0.001639389054345747,0.0857946938440941,0.003620317495013525,0.005396322303888084,0.0028279461187464138,0.019563376048525916,2.7323150905762454e-05,4.0984726358643676e-05,0.004467335173092161,0.021394027159212,,0.03930435257793929,,0.045424738380830075,0.016667122052515096,2.7323150905762454e-05,,0.0006147708953796551,4.0984726358643676e-05,,0.0029372387223694637,,0.007527528074537555,0.002841607694199295,,5.464630181152491e-05,0.017432170277876444,,,,1.3661575452881227e-05,,0.004508319899450805,2.7323150905762454e-05,0.0033470859859559003,0.007418235470914506,0.00010929260362304982,0.0026230224869531952,0.001871635837044728,0.01303314298204869,,,0.018074264324161864,0.0015984043279871035,0.005560261209322659,0.12404710511216153,0.01873001994590016,0.04567064673898194,0.014740839913658843,0.0003142162354162682,0.13218940408207874,0.019016913030410667,0.00021858520724609963,,0.03415393863220306,,0.01549222656356731,,,0.01614798218530561,1.3661575452881227e-05,
BW_4__IGH.csv,1.1930611563148727e-05,0.00020282039657352837,0.09701973323152545,0.03316710014555346,0.011393734042807035,0.016416521510892648,0.0008947958672361545,0.03595886325133026,0.002541220262950679,1.1930611563148727e-05,,0.04957169104488296,,0.002183301916056217,0.01116705242310721,,0.0022906774201245554,0.01743062349376029,0.015474003197403899,0.006335154740031974,0.00196855090791954,0.010618244291202367,,1.1930611563148727e-05,0.011739721778138347,0.01752606838626548,1.1930611563148727e-05,0.05034718079648763,,0.03850008351428094,0.010141019828676419,,,8.351428094204109e-05,5.9653057815743634e-05,,0.007945787301057052,,0.007253811830394426,0.004736452790570045,,1.1930611563148727e-05,0.010642105514328664,,,1.1930611563148727e-05,1.1930611563148727e-05,1.1930611563148727e-05,0.006168126178147892,4.772244625259491e-05,0.0029826528907871816,0.007528215896346847,4.772244625259491e-05,0.004342742608986137,0.003925171204275931,0.017168150039371017,,,0.010391562671502541,0.0033286406261184946,0.007528215896346847,0.04629077286501706,0.029194206495024935,0.11498723424562743,0.022429549738719606,0.0003101959006418669,0.09080388460712496,0.03820181822520222,1.1930611563148727e-05,0.03755756520079219,0.053580376530100934,,0.012694170703190245,,,0.01676250924622396,,1.1930611563148727e-05
BW_5__IGH.csv,6.682258603407952e-05,0.00011693952555963916,0.05887069829602406,0.06140995656531908,0.002514199799532242,0.00015035081857667893,0.0001837621115937187,0.05030070163715336,0.0024473772134981624,8.35282325425994e-06,,0.037261944537253594,,0.016814233210825258,0.0278149014366856,0.00021717340461075845,0.005304042766455062,0.08972602739726028,0.010658202472435683,0.012069829602405614,0.0007768125626461744,0.009146341463414634,,8.35282325425994e-06,0.00416805880387571,0.011852656197794855,2.505846976277982e-05,0.05358336117607752,8.35282325425994e-06,0.03534914801202806,8.35282325425994e-06,,,0.00011693952555963916,1.670564650851988e-05,,0.005253925826929502,,0.010090210491146008,0.0027146675576344803,,1.670564650851988e-05,0.007283661877714668,,,1.670564650851988e-05,,,0.001921149348479786,1.670564650851988e-05,0.0025309054460407616,0.010992315402606081,,0.0009104577347143335,0.0028566655529568994,0.006690611426662212,,,0.038247577681256265,0.00034246575342465754,,,0.04135482793184096,0.10758436351486803,0.058670230537921815,1.670564650851988e-05,0.08723688606749082,0.013013698630136987,7.517540928833946e-05,8.35282325425994e-06,0.08381222853324424,,0.005103575008352824,,,0.02224356832609422,,
BW_17__IGH.csv,5.6181353408803615e-05,0.00019663473693081265,0.054692547543470325,0.07095704935531896,0.00806202421416332,0.00016854406022641084,,0.02994466136689233,0.0014888058653332959,2.8090676704401807e-05,,0.012837439253911627,,0.03216382482654007,0.011966628276075171,2.8090676704401807e-05,0.002050619399421332,0.05559144919801118,0.01893311609876682,0.010000280906767044,0.007163122559622461,0.012163263013005984,,2.8090676704401807e-05,0.0005618135340880361,0.020084833843647294,5.6181353408803615e-05,0.05224865867018737,,0.06921542739964606,0.022135453243068627,2.8090676704401807e-05,,0.0039046040619118514,,,0.003820332031798646,,0.009438467372679008,0.002921430377257788,,,0.01800612376752156,,,,,,0.0028652490238489847,0.00011236270681760723,0.00016854406022641084,0.02033764993398691,5.6181353408803615e-05,0.00233152616646535,0.004494508272704289,0.014410517149358128,,,0.026152420011798082,0.0025281609033961628,0.012022809629483974,0.06606927160875306,0.04856878002191073,0.10416022921992191,0.03514143655720666,8.427203011320542e-05,0.04418663445602405,0.0036236972948678332,,0.008146296244276525,0.05418691536279109,,0.019382566926037247,2.8090676704401807e-05,,,,
BF__IGH.csv,,,0.061488673139158574,0.0627831715210356,,0.036893203883495145,0.007766990291262136,0.015533980582524271,0.004530744336569579,,,0.037540453074433655,,,,,0.003236245954692557,,0.018770226537216828,0.06666666666666667,0.0012944983818770227,0.018122977346278317,,,0.006472491909385114,0.0006472491909385113,,0.06601941747572816,,0.09902912621359224,0.013592233009708738,,,,,,0.001941747572815534,,0.016181229773462782,0.007119741100323625,,,0.020711974110032363,,,,,,0.016828478964401296,,0.007766990291262136,0.021359223300970873,,,,0.022006472491909384,,,,0.006472491909385114,,0.016828478964401296,0.03559870550161812,0.06731391585760518,,0.022653721682847898,0.022653721682847898,0.019417475728155338,,0.042071197411003236,0.05825242718446602,,0.05631067961165048,,,0.018122977346278317,,
BW_9__IGH.csv,,,0.06604023292747485,0.0799364743250397,0.009396506087877184,0.0017204870301746956,0.00013234515616728428,0.04301217575436739,0.011381683430386447,,,0.013366860772895712,,0.06683430386447856,0.0513499205929063,,0.003440974060349391,0.007543673901535204,0.012837480148226575,0.006617257808364214,0.00555849655902594,0.015219692959237693,,,0.01296982530439386,0.021042879830598202,,0.12255161461090525,,0.0588935944944415,0.019587083112758072,,,0.0006617257808364214,0.00039703546850185283,,0.003838009528851244,,0.013499205929062997,0.0031762837480148226,,,0.022366331392271042,,,0.00013234515616728428,,,0.002249867654843833,0.00039703546850185283,0.00013234515616728428,0.019322392800423506,0.00026469031233456857,0.006352567496029645,0.002911593435680254,0.014690312334568554,,,0.026998411858125994,0.0021175224986765486,0.003970354685018529,0.014425622022233986,0.010455267337215458,0.05505558496559026,0.02196929592376919,,0.059158284806776075,0.008470089994706194,0.00013234515616728428,,0.07226045526733721,,0.005029115934356803,,,0.00013234515616728428,,
BW_CT0530__IGH.csv,0.00013221217409699085,0.0003701940874715744,0.07808451002168279,0.005024062615685652,0.00809138505473584,0.0520122692897562,0.00029086678301337986,0.03931990057644508,0.0030673224390501876,2.644243481939817e-05,2.644243481939817e-05,0.025067428208789464,,0.021206832725157332,0.01935586228779946,5.288486963879634e-05,0.004125019831826115,0.06436088635041515,0.019064995504786082,0.00967793114389973,0.002141837220371252,0.027235707863980115,,,0.003120207308688984,0.016209212544291078,,0.03265640700195674,,0.04595695171611402,0.017425564545983395,2.644243481939817e-05,,0.0003437516526521762,2.644243481939817e-05,,0.0016129885239832883,,0.010021682796551907,0.004865408006769263,,5.288486963879634e-05,0.010709186101856259,,,,5.288486963879634e-05,0.00010576973927759268,0.008355809402929822,0.00015865460891638903,0.0015336612195250938,0.023322227510709188,0.00023798191337458352,0.0022211645248294463,0.004415886614839494,0.009228409751969962,,,0.015415939499709133,0.0030673224390501876,0.0044423290496588925,0.0448199270188799,0.050822359722883285,0.05521180390290338,0.0009783700883177324,0.013274102279337882,0.07417102966841187,0.010603416362578666,0.00010576973927759268,0.031043418477973452,0.06124067904172616,,0.01573324871754191,,,0.04756994024009731,,0.00010576973927759268
BW_6__IGH.csv,0.00015223017202009437,,0.06013091794793728,0.06127264423808799,0.006698127568884153,0.00045669051606028315,7.611508601004719e-05,0.03508905465063176,0.007078702998934388,,,0.021007763738773024,,0.03927538438118435,0.02603135941543614,7.611508601004719e-05,0.0025117978383315575,0.02169279951286345,0.020474958136702696,0.012939564621708022,0.007078702998934388,0.016669203836200335,,,0.008524889633125286,0.030522149490028922,7.611508601004719e-05,0.07238544679555488,,0.04483178565991779,0.01621251332014005,0.00030446034404018875,,0.00022834525803014157,7.611508601004719e-05,,0.0038057543005023597,,0.019181001674531892,0.005708631450753539,,,0.03760085248896331,,,,,,0.00243568275232151,,0.0017506469782310853,0.02762977622164713,7.611508601004719e-05,0.0022073374942913684,0.0030446034404018876,0.01925711676054194,,,0.03196833612421982,0.001141726290150708,0.0076876236870147665,0.018572080986451515,0.022910640889024204,0.05860861622773634,0.034327903790531286,,0.06431724767848988,0.007611508601004719,0.00022834525803014157,,0.08509666615923275,,0.03288171715634039,,,,,7.611508601004719e-05
BW_7__IGH.csv,,0.0002192982456140351,0.03980263157894737,0.04857456140350877,0.0028508771929824563,0.019407894736842107,0.00010964912280701755,0.0456140350877193,0.0006578947368421052,,,0.007456140350877193,,0.0003289473684210526,0.019736842105263157,,0.0029605263157894738,0.018969298245614035,,0.002412280701754386,0.005701754385964913,0.015899122807017545,,0.00010964912280701755,0.0017543859649122807,0.018530701754385964,,0.08157894736842106,,0.02225877192982456,0.027521929824561402,,,0.001206140350877193,,,0.005043859649122807,,0.01655701754385965,0.001973684210526316,,0.00010964912280701755,0.013706140350877192,,,,,,0.0028508771929824563,0.0005482456140350877,0.010197368421052632,0.0356359649122807,,0.0027412280701754384,0.0035087719298245615,0.020833333333333332,,,0.022587719298245615,0.002412280701754386,,0.018201754385964913,0.032017543859649125,0.08980263157894737,0.01425438596491228,0.00010964912280701755,0.05460526315789474,0.025,,,0.10778508771929825,,0.01337719298245614,,,0.1224780701754386,,
BW_8__IGH.csv,,7.190623427051126e-05,0.03523405479255051,0.003091968073631984,0.0017976558567627814,0.033220680232976196,,0.04443805277917595,0.0007909685769756238,,,0.005608686273099878,,0.07852160782339829,0.003091968073631984,,0.0033076867764435178,0.03997986625440426,0.014093621917020205,0.009635435392248507,0.0028762493708204503,0.012871215934421514,,0.00014381246854102252,0.00014381246854102252,0.01768893363054577,,0.06658517293449343,,0.0268210253829007,0.012727403465880492,,,0.002229093262385849,7.190623427051126e-05,,0.04724239591572589,,0.008772560581002373,0.02013374559574315,,,0.03242971165600057,,,,,,0.00862874811246135,7.190623427051126e-05,0.004170561587689653,0.014453153088372762,0.00014381246854102252,0.0018695620910332926,0.0031638743079024953,0.03976414755159272,,,0.013374559574315093,0.003667217947796074,0.0006471561084346013,0.021428057812612353,0.020996620406989287,0.0587473933990077,0.0005752498741640901,0.01373409074566765,0.089451355432516,0.03588121090098512,7.190623427051126e-05,0.052922988423096284,0.07054001581937154,,0.008700654346731862,,,0.013374559574315093,,
BW_15__IGH.csv,1.9426528867821898e-05,0.00021369181754604089,0.07286890978319993,0.001165591732069314,0.005876524982516124,0.026973735332970705,0.00033025099075297226,0.030363664620405625,0.002263190613101251,9.713264433910949e-06,,0.02284559794855855,0.005157743414406714,0.0008936203279198073,0.014307638511150828,4.856632216955474e-05,0.003487061931774031,0.040484886160540835,0.005167456678840625,0.010412619473152538,0.003049965032248038,0.033918719403217036,3.8853057735643796e-05,0.00011655917320693139,0.001165591732069314,0.02057269407102339,9.713264433910949e-06,0.06694381847851426,,0.06301965964721423,0.025050508975056337,6.799285103737665e-05,,0.0006702152459398554,3.8853057735643796e-05,,0.005381148496386666,9.713264433910949e-06,0.012559250913046856,0.005993084155723055,,9.713264433910949e-06,0.020193876758100863,,,3.8853057735643796e-05,3.8853057735643796e-05,9.713264433910949e-06,0.004390395524127749,8.741937990519854e-05,0.003807599658093092,0.04207786152770223,0.0009033335923537182,0.0027391405703628877,0.006643872872795089,0.03395757246095268,,,0.03571567332349056,0.0024963089595151137,0.0041767037065817076,0.05052840158520475,0.02261247960214469,0.06725464294039941,0.000942186650089362,0.00011655917320693139,0.08952715828735722,0.030441370735876914,,9.713264433910949e-06,0.027556531199005363,,0.013132333514647604,9.713264433910949e-06,,0.059037221229310745,,4.856632216955474e-05
BW_11__IGH.csv,1.3833076268666007e-05,0.00024207883470165513,0.06587310919138753,0.04667971586861344,0.016295363844488556,0.01657894190799621,4.1499228805998023e-05,0.04686646239824043,0.007974768468885953,4.841576694033102e-05,0.00010374807201499505,0.00223404181738956,6.916538134333004e-06,0.044355759055477555,0.004343585948361126,,0.0027389491011958695,0.020687365559790012,0.025210781499643797,0.00921282879493156,0.001950463753881907,0.015873455018294243,,9.683153388066205e-05,0.003734930592539822,0.022762327000089917,,0.09865058340999164,,0.05957214295101016,0.01146762022672412,2.0749614402999012e-05,,0.0013072257073889378,6.916538134333003e-05,,0.0009060664955976235,,0.009828400688887198,0.0041845055712714675,,4.841576694033102e-05,0.022029173957850617,,,6.916538134333004e-06,4.1499228805998023e-05,6.224884320899703e-05,0.00854192459590126,,0.0006155718939556374,0.017374343793444505,0.00022132922029865612,0.005699227422690395,0.0034098533002261708,0.01948388792441607,6.916538134333004e-06,,0.025266113804718462,0.00552631396933207,0.02068044902165568,0.037639800527040204,0.03319246650666408,0.05219911329981118,0.038241539344727175,6.224884320899703e-05,0.046894128550777764,0.033510627260843404,4.1499228805998023e-05,0.018972064102475428,0.039936091187638766,2.0749614402999012e-05,0.012442852103665074,,,0.017886167615385147,6.916538134333004e-06,6.916538134333004e-06
BW_12__IGH.csv,0.0001189767995240928,0.0001869635421092887,0.038633466474037564,0.06907453046655902,0.008685306365258775,0.018594374097051076,1.699668564629897e-05,0.03836151950369678,0.0020735956488484746,1.699668564629897e-05,,0.018458400611880685,,0.013002464519418713,0.03125690490354381,3.399337129259794e-05,0.0032123735871505054,0.025902948924959632,0.011370782697374012,0.01771054644344353,0.002192572448372567,0.028010537945100705,,1.699668564629897e-05,0.004470128324976629,0.021619784142092292,1.699668564629897e-05,0.07689300586385654,,0.06035523073000765,0.02197671454066457,,,0.0006458740545593609,8.498342823149486e-05,,0.0008328375966686496,,0.016282824849154415,0.003008413359394918,,1.699668564629897e-05,0.028350471658026684,,,5.0990056938896914e-05,,1.699668564629897e-05,0.00010198011387779383,,0.001274751423472423,0.06465539219852129,8.498342823149486e-05,0.006815670944165888,0.007206594714030764,0.025732982068496644,,,0.034180334834707234,0.0038072575847709696,0.007546528426956744,0.043018611370782694,0.027398657261833943,0.05413444378346222,0.0313078949604827,0.014736126455341208,0.038310529446757884,0.014923089997450498,,,0.028860372227415654,,0.01174470978159259,,,0.022605591909577633,,
BW_13__IGH.csv,3.012388447490304e-05,0.00019580524908686974,0.06365929886658885,0.0025228753247731293,0.004977971909477727,0.03455962646383251,2.259291335617728e-05,0.02946115901645517,0.0009263094476032684,1.506194223745152e-05,2.259291335617728e-05,0.03312874195127462,0.003547087396919833,0.0011673005234024928,0.01987423278231728,1.506194223745152e-05,0.0035320254546823814,0.029272884738487027,0.0068079978913280865,0.007967767443611854,0.003539556425801107,0.024799487893963926,,3.012388447490304e-05,0.0009940881876718004,0.018797303912339497,7.53097111872576e-06,0.08119139963098242,,0.037202997326505255,0.026953345633919493,,,0.000188274277968144,0.0001129645667808864,,0.0035546183680385587,7.53097111872576e-06,0.007839740934593515,0.005188839100802049,,2.259291335617728e-05,0.02058967503859623,,,7.53097111872576e-06,7.53097111872576e-06,,0.004443272960048198,5.271679783108032e-05,0.002191512595549196,0.08317957600632601,0.0004367963248860941,0.01427872124110404,0.011673005234024928,0.050675904657905634,,,0.02928794668072448,0.0004292653537673683,0.002417441729110969,0.041254659788379715,0.03489098919305644,0.0847836728546146,0.0021990435666679217,8.284068230598336e-05,0.06862220883382912,0.028015212561659827,1.506194223745152e-05,,0.021478329630605867,,0.009142598938133073,,7.53097111872576e-06,0.037594607824678994,,0.00010543359566216063
BW_14__IGH.csv,1.0080543542907833e-05,3.02416306287235e-05,0.020342536869588007,0.042701182447757585,0.010937389744054999,0.014546224332416004,,0.03158234291993024,0.002126994687553553,,,0.005826554167800728,1.0080543542907833e-05,0.0006753964173748249,1.0080543542907833e-05,,0.002126994687553553,0.004536244594308525,0.0006753964173748249,0.009808368867249322,0.0026209413211560366,0.00856846201147166,,3.02416306287235e-05,0.0015927258797794378,0.005574540579228032,,0.010070462999364926,,0.11030130744649752,0.013397042368524511,1.0080543542907833e-05,,0.0008770072882329815,8.064434834326266e-05,,0.010493845828167054,,0.00474793600870959,0.012177296599832663,,0.00034273848045886636,0.011854719206459613,,,,,,0.009808368867249322,1.0080543542907833e-05,0.011088597897198616,0.010534168002338687,1.0080543542907833e-05,0.0037298011108758983,0.00483866090059576,0.01702603804397133,,,,0.005735829275914557,0.014647029767845082,0.1863086057600226,0.00665315873831917,0.20095563552786766,0.00688501123980605,0.011007953548855354,0.09736797008094676,0.019294160341125594,,0.01623975564762452,0.026773923649963206,,0.01237890747069082,,,2.0161087085815666e-05,,
BW_16__IGH.csv,9.277298450691158e-05,0.00017523785962416633,0.0491799898980528,0.03845955613280968,0.015493088412654236,0.018822607745513396,9.277298450691158e-05,0.03153250662296028,0.0025976435661935245,2.0616218779313686e-05,1.0308109389656843e-05,0.032666398655822534,1.0308109389656843e-05,0.0011338920328622527,0.011957406892001938,9.277298450691158e-05,0.002618259784972838,0.030656317324839453,0.025193019348321324,0.013575780066178062,0.007669233385904691,0.017090845368051045,,,0.001834843471358918,0.019255548339878983,3.092432816897053e-05,0.0765274041088124,,0.08315551844636175,0.028130830524373526,1.0308109389656843e-05,,0.0012163569079795074,3.092432816897053e-05,,0.004937584397645627,0.00018554596901382316,0.01658574800795786,0.003288286895300533,,,0.020224510622506724,,,1.0308109389656843e-05,,,0.008823741637546258,6.184865633794106e-05,0.000329859500469019,0.01631773716382678,0.00010308109389656843,0.004710805991073177,0.004123243755862737,0.012596509674160662,,,0.019028769933306534,0.0028450381915452886,0.0034944490830936697,0.055406087969405535,0.0382637020544062,0.05131376854171176,0.021492408077434518,0.00011338920328622528,0.09538093618249477,0.007277525229097731,3.092432816897053e-05,0.014183958520167817,0.0545298986712847,,0.01426642339528507,,1.0308109389656843e-05,0.020729607982599912,,
BW_10__IGH.csv,,4.0445711743412406e-05,0.08284292907844445,0.05220530243280956,0.0032255455115371393,9.10028514226779e-05,0.00011122570729438412,0.01603672470626302,0.0011729256405589598,,2.0222855871706203e-05,0.010050759368237983,,0.0182612388521507,0.016087281845942283,6.0668567615118606e-05,0.00218406843414427,0.024075309915266234,0.014439119092398228,0.0076846852312483565,0.0066836538655989,0.01809945600517705,,1.0111427935853102e-05,0.014075107686707517,0.017978118869946814,,0.09424861979008675,,0.030688183785314162,0.019151044510505772,,,0.00047523711298509577,,,0.0015571599021213776,,0.01708831321159174,0.00508604825173411,,2.0222855871706203e-05,0.03854476329147202,,,1.0111427935853102e-05,2.0222855871706203e-05,,0.0015268256183138182,4.0445711743412406e-05,0.00048534854092094885,0.021790127201763432,,0.0015369370462496713,0.003700782624522235,0.02308438997755263,,,0.023003498554065804,0.001516714190377965,0.01440878480859067,0.056826224999494426,0.03280147222390746,0.060142773362454244,0.032811583651843314,2.0222855871706203e-05,0.11473437278812514,0.019879067321887198,2.0222855871706203e-05,,0.07004186131165444,,0.009302513700984854,,,,,
iRNormal_097__IGH.csv,,0.0005586592178770949,0.04823091247672253,0.008504034761018001,0.0036623215394165115,0.03165735567970205,0.00031036623215394165,0.06101800124146493,0.004655493482309125,,0.00018621973929236498,0.0013035381750465549,,0.06635630043451272,0.01601489757914339,0.00018621973929236498,0.0067039106145251395,0.02079453755431409,0.01899441340782123,0.01080074487895717,0.0037243947858473,0.03879577901924271,,,0.004717566728739913,0.04829298572315332,0.00037243947858472997,0.09851024208566107,,0.1350713842333954,0.028864059590316574,0.00012414649286157667,,,,,0.0016139044072004966,,0.021353196772191184,0.0032898820608317815,,0.00012414649286157667,0.01558038485412787,,,,,,0.005152079453755431,,0.0004345127250155183,0.016511483550589696,,0.0019863438857852266,0.0022346368715083797,0.00782122905027933,,,0.017628801986343885,0.00031036623215394165,0.008504034761018001,0.0382991930477964,0.027932960893854747,0.03234016139044072,0.00012414649286157667,6.207324643078833e-05,0.04581005586592179,0.00018621973929236498,,0.017877094972067038,0.045251396648044694,,0.013780260707635009,6.207324643078833e-05,,0.017318435754189943,,
iRNormal_088_R__IGH.csv,0.0002538844318066416,0.0005077688636132832,0.07596222199654717,0.029450594089570428,0.007819640499644561,0.023154260180765714,5.0776886361328324e-05,0.0351376053620392,0.003706712704376968,5.0776886361328324e-05,5.0776886361328324e-05,0.001726414136285163,0.0002538844318066416,0.05478826038387326,0.02031075454453133,0.00015233065908398498,0.004468365999796892,0.02427135168071494,0.01152635320402153,0.015943942317457094,0.004265258454351579,0.019447547476388747,,5.0776886361328324e-05,0.003605158931654311,0.03381740631664466,5.0776886361328324e-05,0.11023662029044379,5.0776886361328324e-05,0.0729663857012288,0.035493043566568495,,,5.0776886361328324e-05,5.0776886361328324e-05,5.0776886361328324e-05,0.0034020513862089976,,0.01543617345384381,0.005737788158830101,,,0.018381232862800852,,,,,,0.004011374022544937,0.00030466131816796996,0.00035543820452929825,0.025845435157916118,5.0776886361328324e-05,0.0016756372499238347,0.006854879658779324,0.01122169188585356,,,0.03935208693002945,0.0002031075454453133,0.0008124301817812532,0.043820452929826344,0.05681933583832639,0.040113740225449376,0.040824616634507975,0.0009139839545039098,0.04260180765715446,,,,0.01817812531735554,,0.0055346806133847876,,,0.027774956839646592,,5.0776886361328324e-05
SS03F_W_1_HJ__IGH.csv,,0.0010066526610644257,0.1490064775910364,0.04884453781512605,0.0023634453781512603,0.013436624649859945,6.565126050420168e-05,0.05422794117647059,0.012867647058823529,,,0.04413953081232493,,0.00019695378151260505,0.005777310924369748,2.188375350140056e-05,0.013918067226890757,0.005011379551820729,0.005120798319327731,0.012036064425770309,0.0005689775910364146,0.026348039215686275,2.188375350140056e-05,6.565126050420168e-05,0.0002844887955182073,0.01245185574229692,,0.04893207282913165,,0.0352984943977591,,2.188375350140056e-05,,8.753501400560224e-05,2.188375350140056e-05,,0.024553571428571428,,0.012605042016806723,0.031096813725490197,,2.188375350140056e-05,0.017703956582633053,,,4.376750700280112e-05,,2.188375350140056e-05,0.003326330532212885,0.00017507002801120448,0.0023196778711484594,0.010263480392156863,,0.0010285364145658264,0.00048144257703081235,0.03046218487394958,,,0.038953081232493,6.565126050420168e-05,8.753501400560224e-05,,0.06322216386554622,0.03418242296918768,0.00586484593837535,2.188375350140056e-05,0.05418417366946779,0.1054359243697479,4.376750700280112e-05,0.003326330532212885,0.06048669467787115,0.00017507002801120448,0.004508053221288515,,,0.0031074929971988794,8.753501400560224e-05,
WDM__IGH.csv,,0.00026333113890717575,0.07913100724160632,0.0068466096115865705,0.010072416063199474,0.05766951942067149,0.0014483212639894668,0.03640552995391705,0.004410796576695194,,6.583278472679394e-05,0.020605661619486505,,0.030414746543778803,0.025148123765635286,6.583278472679394e-05,0.0034233048057932852,0.018762343647136272,0.022053982883475973,0.01204739960500329,0.004081632653061225,0.02521395655036208,,6.583278472679394e-05,0.0026333113890717576,0.018235681369321924,6.583278472679394e-05,0.0369321922317314,,0.023107307439104673,0.019289005924950624,,,0.0005924950625411455,0.00019749835418038183,,0.001119157340355497,,0.01237656352863726,0.0033574720210664912,,6.583278472679394e-05,0.02021066491112574,,,6.583278472679394e-05,,,0.0067149440421329825,6.583278472679394e-05,0.00013166556945358788,0.015404871626069783,6.583278472679394e-05,0.002304147465437788,0.002106649111257406,0.012903225806451613,,,0.015997366688610928,0.0009216589861751152,6.583278472679394e-05,0.027781435154707042,0.017314022383146808,0.1805793285055958,0.0017116524028966426,0.00039499670836076365,0.08426596445029624,0.0068466096115865705,,0.02165898617511521,0.03522053982883476,,0.015470704410796577,,,0.055562870309414085,,6.583278472679394e-05
WGF__IGH.csv,0.0001300305571809375,0.00052012222872375,0.11241141668292048,0.07691307457252454,0.008451986216760939,0.0010402444574475,6.501527859046876e-05,0.09895325401469346,0.0017554125219426564,6.501527859046876e-05,,0.014953514075807814,,,0.03283271568818672,0.0001300305571809375,0.003315779208113907,0.01930953774136922,0.005006176451466095,0.011442689031922502,0.0033807944867043755,0.04304011442689032,,6.501527859046876e-05,0.0014303361289903127,0.021129965541902346,0.0001300305571809375,0.044665496391652036,,0.04655093947077563,0.0001300305571809375,,,0.0005851375073142189,0.0003250763929523438,,0.008647032052532345,0.0001300305571809375,0.007476757037903907,0.004811130615694688,,,0.01358819322540797,,,,,,0.005331252844418439,0.0001300305571809375,0.007086665366361095,0.03582341850334829,0.0003900916715428126,0.004941161172875626,0.0025355958650282815,0.018724400234055003,,,0.03835901436837657,0.00052012222872375,0.00052012222872375,,0.014758468240036408,0.0682660425199922,0.037448800468110006,0.000260061114361875,0.0641050646902022,0.034848189324491255,,,0.03751381574670047,,0.044925557506013916,0.0001300305571809375,,,,
WJW__IGH.csv,,,0.1194331983805668,0.02327935222672065,0.00708502024291498,0.030364372469635626,,0.0354251012145749,,,,0.0010121457489878543,,0.0860323886639676,0.02327935222672065,,0.006072874493927126,0.02834008097165992,0.00708502024291498,0.0010121457489878543,0.004048582995951417,0.019230769230769232,,,,0.030364372469635626,,0.03441295546558704,,0.11336032388663968,0.012145748987854251,,,,,,,,0.016194331983805668,0.009109311740890687,,,0.024291497975708502,,,,,,,,,0.04149797570850203,,0.009109311740890687,0.003036437246963563,0.019230769230769232,,,0.04149797570850203,,,0.05465587044534413,0.024291497975708502,0.011133603238866396,,0.020242914979757085,0.008097165991902834,0.004048582995951417,,,0.07388663967611336,,0.015182186234817813,,,0.04251012145748988,,
JGR__IGH.csv,,0.0005066176936229498,0.07333291115192198,0.002786397314926224,0.0070293204990184285,0.04255588626432778,0.0005699449053258185,0.03951618010259008,0.005382812994743842,,,0.027357355455639287,,0.04394908492179089,0.044012412133493765,0.00012665442340573744,0.004496232030903679,0.025140903046038884,0.018048255335317585,0.012792096763979481,0.005699449053258185,0.018174909758723323,,,0.002026470774491799,0.02577417516306757,0.00012665442340573744,0.041795959723893356,,0.07656259894876828,0.021911215249192578,0.0002533088468114749,,0.0007599265404344247,,,0.0026597428915204864,,0.013172060034196695,0.002723070103223355,,6.332721170286872e-05,0.012222151858653664,,,,,,0.0010765625989487683,0.00012665442340573744,0.0013298714457602432,0.02178456082578684,,0.0014565258691659807,0.0018998163510860616,0.010069026660756127,,,0.033500094990817554,0.005636121841555316,0.004622886454309417,0.03736305490469255,0.06332721170286872,0.06003419669431955,0.00044329048192008104,0.006206066746881135,0.04439237540371097,0.005256158571338104,,,0.04863529858780318,,0.018174909758723323,,,0.06313723006776012,,
LFJ__IGH.csv,5.422405379026136e-05,0.00016267216137078408,0.07141307884177421,0.054386725951632145,0.010248346166359397,0.036492788200845894,0.0009218089144344431,0.08589090120377399,0.005693525647977443,,,0.0013013772909662726,,0.045927773560351375,0.022069189892636374,0.00010844810758052273,0.00010844810758052273,0.04440950005422405,0.013827133716516646,0.0041752521418501245,0.0029280989046741135,0.02559375338900336,,5.422405379026136e-05,0.004121028088059864,0.017785489643205726,0.00016267216137078408,0.04587354950656111,,0.012471532371760113,0.03909554278277844,5.422405379026136e-05,,0.00016267216137078408,0.00010844810758052273,,0.002060514044029932,,0.019195315041752523,0.005368181325235874,,0.00010844810758052273,0.01160394751111593,,,,,,0.00759136753063659,,0.0011929291833857499,0.023316343129812386,0.00010844810758052273,0.003904131872898818,0.004012579980479341,0.00916386509055417,,,0.009380761305715215,0.0005964645916928749,5.422405379026136e-05,0.014315150200628998,0.04272855438672595,0.06729205075371435,0.02429237609803709,0.00010844810758052273,0.04598199761414163,0.01588764776054658,,0.016212992083288146,0.05145862704695803,,0.03719770090011929,,,0.04126450493438889,,
