,IGKV1-12,IGKV1-13,IGKV1-16,IGKV1-17,IGKV1-27,IGKV1-33,IGKV1-35,IGKV1-37,IGKV1-39,IGKV1-5,IGKV1-6,IGKV1-8,IGKV1-9,IGKV1D-12,IGKV1D-13,IGKV1D-16,IGKV1D-17,IGKV1D-33,IGKV1D-37,IGKV1D-39,IGKV1D-42,IGKV1D-43,IGKV1D-8,IGKV2-10,IGKV2-18,IGKV2-19,IGKV2-24,IGKV2-26,IGKV2-28,IGKV2-29,IGKV2-30,IGKV2-4,IGKV2-40,IGKV2D-18,IGKV2D-24,IGKV2D-28,IGKV2D-29,IGKV2D-30,IGKV3-11,IGKV3-15,IGKV3-20,IGKV3-31,IGKV3-7,IGKV3D-11,IGKV3D-15,IGKV3D-20,IGKV3D-7,IGKV4-1,IGKV5-2,IGKV6-21,IGKV6D-21,IGKV6D-41,IGKV7-3
BW_15__IGK.csv,0.015542426961810749,0.004848439525376409,0.010818625984644531,0.024703360255259748,0.011840662079968093,0.025014956625785224,,0.0006356565958719713,0.06130970186459268,0.06958570146574933,0.044795094226742445,0.0048733672350184465,0.026398444510918335,0.0028666866088343803,0.017549107587994814,0.0013087047562069997,7.478312892611427e-05,0.009622095921826702,0.0003863794994515904,0.026211486688603052,,0.00034898793498853325,0.0011840662079968093,,7.478312892611427e-05,,0.015592282381094825,0.00018695782231528568,0.05604995513012265,0.0005982650314089142,0.026199022833782032,,0.0027295842058031707,,9.971083856815236e-05,0.0232326253863795,0.01855867982849736,0.006331638249077675,0.10020939276099312,0.09730531458769569,0.21333133911656196,,0.0004113072090936285,0.0027420480606241897,0.005272210589291056,0.004835975670555389,0.004673945557882142,0.058380695981653206,0.0014582710140592283,0.0009098614019343903,0.0008101505633662379,,8.724698374713331e-05
iRNormal_JH__IGK.csv,0.021148833167825225,0.0004344587884806355,0.01064424031777557,0.02153674280039722,0.007199602780536246,0.02926390268123138,,0.0009154667328699107,0.2362990317775571,0.05778301886792453,0.014911246276067528,0.016804245283018868,0.028472567030784508,0.004546300893743793,0.0013964746772591858,0.002451588877855015,0.0016757696127110229,0.019147219463753723,0.0016757696127110229,0.10209781529294935,1.551638530287984e-05,0.0024671052631578946,0.0050117924528301884,,9.309831181727905e-05,,0.0020016137040714996,0.000387909632571996,0.025757199602780535,0.0005120407149950347,0.0174714498510427,,0.0012257944389275075,,7.758192651439921e-05,0.009433962264150943,0.0038170307845084408,0.0013344091360476663,0.07630958291956307,0.05193334160873883,0.14687810327706058,,0.0001861966236345581,0.0015050893743793446,0.0013964746772591858,0.002870531281032771,0.0010551142005958292,0.06628599801390268,0.001551638530287984,0.0017068023833167825,9.309831181727905e-05,1.551638530287984e-05,0.00020171300893743793
iRNormal_KW_R__IGK.csv,0.010338007910823444,0.0003595828838547285,0.02067601582164689,0.00889967637540453,0.006921970514203524,0.03757641136281913,,0.0008090614886731392,0.06373606616325063,0.09052499101042791,0.009439050701186624,0.018967997123336928,0.01770945702984538,0.002876663070837828,0.006472491909385114,0.0022473930240920533,0.0003595828838547285,0.020316432937792162,0.0006292700467457749,0.03290183387270766,,0.011236965120460267,0.006382596188421431,,8.989572096368213e-05,,0.002696871628910464,0.00017979144192736425,0.029935275080906147,0.030294857964760877,0.01483279395900755,,0.003685724559510967,,0.0010787486515641855,0.007281553398058253,0.00674217907227616,0.006292700467457749,0.12126932758000719,0.11686443725278677,0.2147608773822366,,8.989572096368213e-05,0.005573534699748292,0.002786767349874146,0.003236245954692557,0.0009888529306005035,0.052049622437971954,0.007281553398058253,0.001977705861201007,,,0.0006292700467457749
iRNormal_XH__IGK.csv,0.029213258214888325,0.002573855349329368,0.019017931192266996,0.04085280407241113,0.005219206680584551,0.04046672577001172,,0.0006720622301026682,0.07346927102696828,0.08894100151571482,0.007421282923899677,0.013884519689993423,0.018603254497097262,0.0022020762433151257,0.030585981067863987,0.006091457660079504,0.0016587067806789258,0.012397403265936455,0.0006863614264878314,0.051906082878142246,2.8598392770326306e-05,0.009980839076843882,0.006792118282952498,1.4299196385163153e-05,4.289758915548946e-05,1.4299196385163153e-05,0.001958989904767352,0.0003288815168587525,0.027940629736608803,0.009952240684073556,0.014942660222495496,,0.0008007549975691367,,0.00010009437469614208,0.009079989704578602,0.005490891411902651,0.006077158463694341,0.06803557640060628,0.0724540280836217,0.21776246174964967,1.4299196385163153e-05,0.00042897589155489464,0.007936053993765551,0.003531901507135299,0.008322132296164955,0.0008150541939542997,0.07767323476420625,0.0018731947264563733,0.0013441244602053364,0.00020018874939228416,,0.00020018874939228416
HL_W_LS0121__IGK.csv,0.017888232030457824,0.0002487133865197345,0.010541621228644129,0.013794027052363734,0.01189997895502114,0.026956704738946603,,0.0004208995771872429,0.07340871262124778,0.06969714362241482,0.021848514415810517,0.008475386940634029,0.01746733245327058,0.004438577359429107,0.008858022919895158,0.001702730107712028,5.739539688916949e-05,0.013583577263770113,0.0006122175668178078,0.03525990548891312,,0.0007270083605961468,0.0021044978859362145,,9.565899481528248e-05,,0.009565899481528249,0.0005739539688916948,0.06638734240180605,0.022977290554630853,0.03797662094166714,,0.002774110849643192,,0.00013392259274139549,0.032619717232011326,0.011651265568501407,0.013009623294878418,0.0942432416920163,0.0882167250186535,0.19401557328435592,,0.0004782949740764124,0.0015879393139336892,0.0031376150299412655,0.0034437238133501694,0.003041956035125983,0.07011804319960206,0.0015496757160075763,0.0016453347108228587,0.000497426773039469,1.9131798963056495e-05,0.0002487133865197345
HL_W_XQF1225__IGK.csv,0.013113061435209086,0.0010325245224574084,0.021510927551196008,0.015212527964205816,0.008707623472724144,0.02285320943039064,3.441748408191361e-05,0.0006539321975563586,0.05813113061435209,0.08676647737050422,0.009774565479263466,0.015763207709516433,0.01858544140423335,0.004026845637583893,0.011598692135604887,0.0019962140767509893,3.441748408191361e-05,0.015143692996041989,0.0009636895542935812,0.032834279814145585,,0.006160729650662536,0.002650146274307348,,0.00017208742040956807,,0.0037515057649285836,0.0008604371020478403,0.04945792462570986,0.021855102392015144,0.04278093271381862,,0.002065049044914817,,0.0005506797453106178,0.023644811564274653,0.011701944587850628,0.009533643090690071,0.11316468766133196,0.11898124247117536,0.16647737050421615,,0.0011013594906212356,0.011736362071932542,0.002305971433488212,0.002374806401652039,0.0022371364653243847,0.0606780244364137,0.003269660987781793,0.00285665117879883,0.0004818447771467906,,0.00041300980898296334
BW_CT0806__IGK.csv,0.013286905525520021,0.0007177983444821161,0.013592351629554964,0.015104309844527933,0.012981459421485078,0.023061180854638198,,0.0005956199028681389,0.053727969699746476,0.06774794587495037,0.009774275329118178,0.009193927731451786,0.01624973273465897,0.006032560554690125,0.008476129386969669,0.002321390390665567,7.636152600873576e-05,0.013882525428388161,0.0006261645132716332,0.02735269861632915,,0.0009621552277100705,0.0019701273710253826,3.05446104034943e-05,0.00019853996762271298,,0.013867253123186414,0.0007788875652891047,0.07683496746998993,0.02552002199211949,0.04123522404471731,,0.0026573811051040044,,0.00022908457802620728,0.026589083356241792,0.01511958214972968,0.013485445493142735,0.09423012309477993,0.11194599712880662,0.18132807966034392,,0.0008857937017013348,0.0022603011698585783,0.004963499190567824,0.004138794709673478,0.002703198020709246,0.0793548978282782,0.002031216591832371,0.0011606951953327836,0.0003512630196401845,4.5816915605241456e-05,0.00032071840923669016
DDY__IGK.csv,0.009390696658659096,,0.008735531775496833,0.019873334789255296,0.008953920069884254,0.039965057872898016,,,0.06333260537235204,0.08440707578073815,0.022166411880323214,0.012666521074470409,0.019545752347674163,,0.006005678095654073,0.0007643590303559729,,0.024896265560165973,0.0009827473247433938,0.03308582659969426,,0.01594234549028172,0.0010919414719371041,,0.0006551648831622625,,0.014413627429569776,,0.10722865254422363,0.004258571740554706,0.07632670888840358,,0.004695348329329548,,0.0007643590303559729,0.027407730945621316,0.015396374754313168,0.01867219917012448,0.06857392443765015,0.06770037126010046,0.14096964402708015,,,0.004149377593360996,0.0031666302686176023,0.001856300502293077,0.006005678095654073,0.062022275606027515,0.003712601004586154,,0.00021838829438742082,,
GH03_HJ625__IGK.csv,0.022054601451166677,0.000469802161089941,0.05139113639922744,0.026439421621339457,0.004593621130657201,0.047136816829357414,,0.00015660072036331366,0.11841624471472569,0.1990395155817717,0.01626037479772407,0.005715926293260949,0.022159001931408885,0.005715926293260949,0.023986010335647543,0.00148770684345148,0.00013050060030276139,0.009030641540951088,7.830036018165683e-05,0.038993579370465103,,0.0035757164482956624,0.02197630109098502,,,,0.0037845174087800804,0.00018270084042386594,0.043221798820274576,0.00018270084042386594,0.023124706373649318,,0.0015399070835725845,,,0.02654382210158167,0.0024012110455708096,0.0033408153677506915,0.04995562979589706,0.048624523672808895,0.11546693114788328,,0.00013050060030276139,0.0002349010805449705,0.0019053087644203164,0.0003132014407266273,0.0018009082841781072,0.05300934384298168,0.000939604322179882,0.003732317168658976,0.00010440048024220911,,0.000652503001513807
GH03_W_HNY1228__IGK.csv,0.017818397001775264,0.0017095141034913538,0.01558287855874811,0.03419028206982708,0.01315010848839503,0.01965941219015057,6.575054244197515e-05,0.00046025379709382604,0.06778880925767637,0.07390360970478006,0.0049970412255901115,0.005786047734893813,0.016634887237819713,0.007627062923269117,0.0063778026168715895,0.003221776579656782,0.0001315010848839503,0.009928331908738246,0.0006575054244197515,0.036097047800644357,,0.00046025379709382604,0.0014465119337234533,,,,0.003945032546518509,0.0008547570517456769,0.0568742192123085,0.024196199618646854,0.0454993753698468,,0.002104017358143205,,0.0007890065093037017,0.024196199618646854,0.013610362285488856,0.009336577026760471,0.09330001972516273,0.0894207377210862,0.21092774015385626,,0.0006575054244197515,0.003945032546518509,0.007955815635478992,0.0019725162732592543,0.004076533631402459,0.06410677888092577,0.0014465119337234533,0.0024327700703530805,0.00046025379709382604,,0.00019725162732592543
GH03_W_LXZ1225__IGK.csv,0.015676756139348942,0.000970873786407767,0.016876070816676185,0.01699029126213592,0.01262135922330097,0.03215305539691605,,0.0015419760137064535,0.06707595659623072,0.07672758423757853,0.008823529411764706,0.016961736150770988,0.020759565962307252,0.004111936036550542,0.00759565962307253,0.002826956025128498,0.00019988577955454027,0.01690462592804112,0.002198743575099943,0.03706453455168475,,0.005111364934323244,0.004397487150199886,2.8555111364934324e-05,0.00028555111364934324,,0.0048543689320388345,0.0010850942318675044,0.055910908052541404,0.014477441462021701,0.031010850942318674,,0.002227298686464877,,0.0005425471159337522,0.021958880639634495,0.0096516276413478,0.007167332952598515,0.11581953169617361,0.10131353512278699,0.18006853226727584,,0.0006282124500285551,0.0032838378069674472,0.004340376927470017,0.0032838378069674472,0.0014848657909765847,0.06487721302113078,0.0036550542547115934,0.0030553969160479724,0.0006282124500285551,0.0002569960022844089,0.0005139920045688178
GH03_W_ZXM1225__IGK.csv,0.04452080100495086,0.0008497746249907633,0.01895366880957659,0.02198330008128279,0.01378112761398064,0.03594916130939186,,0.001625655804330156,0.08486662233059927,0.07633192935786595,0.008239119190127835,0.015443730141136482,0.02287002142909924,0.004396660016256558,0.007869651961870982,0.0017734426956328973,0.000406413951082539,0.01991428360304441,0.0017734426956328973,0.032291435749649,,0.003953299342348334,0.004064139510825389,7.389344565137072e-05,7.389344565137072e-05,,0.007056824059705904,0.0006280942880366511,0.053794428434197884,0.01633045148895293,0.028042562624695188,,0.002992684548880514,3.694672282568536e-05,0.00011084016847705608,0.013448607108549471,0.006170102711889456,0.008904160200990172,0.11002734057489101,0.09295795462942437,0.16060740412325428,,0.0004803073967339097,0.0015148156358530999,0.0024015369836695487,0.0008867213478164486,0.0010714549619448754,0.06299416241779354,0.00358383211409148,0.0030296312717061997,0.00022168033695411216,3.694672282568536e-05,0.0006650410108623365
BW_1__IGK.csv,0.015938606847697757,0.0007378984651711924,0.012249114521841794,0.012101534828807556,0.011511216056670602,0.035566706021251476,,0.0008854781582054309,0.0590318772136954,0.048406139315230225,0.009592680047225502,0.013282172373081463,0.015495867768595042,0.0036894923258559624,0.006345926800472255,0.0035419126328217238,0.00014757969303423848,0.024498229043683588,0.0013282172373081465,0.039108618654073196,,0.004132231404958678,0.005017709563164109,,0.0005903187721369539,,0.02257969303423849,0.0013282172373081465,0.12234356552538371,0.026859504132231406,0.029958677685950414,,0.005017709563164109,,0.00014757969303423848,0.026859504132231406,0.016971664698937426,0.009297520661157025,0.10950413223140495,0.08102125147579693,0.14772727272727273,,0.0007378984651711924,0.0013282172373081465,0.004722550177095631,0.0035419126328217238,0.0014757969303423849,0.056227863046044865,0.006050767414403778,0.0010330578512396695,0.0007378984651711924,,0.0013282172373081465
BW_2__IGK.csv,0.008370457209847597,0.001078546307151231,0.018030480656506448,0.017561547479484175,0.012590855803048065,0.013388042203985932,,0.00018757327080890974,0.042602579132473624,0.06672919109026963,0.00921453692848769,0.005486518171160609,0.01988276670574443,0.005134818288393904,0.0010550996483001172,0.0014771395076201641,7.033997655334115e-05,0.017116060961313014,0.00023446658851113716,0.023587338804220398,,0.00037514654161781947,0.0029308323563892145,,0.00011723329425556858,,0.011441969519343493,0.0004689331770222743,0.045439624853458385,0.018218053927315358,0.06532239155920282,,0.004196951934349355,2.3446658851113717e-05,0.0004454865181711606,0.016506447831184056,0.015216881594372803,0.018898007033997657,0.07629542790152403,0.23425556858147714,0.14567409144196952,,0.0003048065650644783,0.001242672919109027,0.00839390386869871,0.0007971864009378663,0.0016881594372801876,0.06297772567409145,0.0013833528722157092,0.002485345838218054,0.0007737397420867527,4.6893317702227434e-05,0.0002813599062133646
BW_4__IGK.csv,0.01948063152445863,0.0010007764644983177,0.017323785695798465,0.0053144681218186525,0.015494780433094643,0.04232594254162712,,0.00037960486584418944,0.09440082822879821,0.07089983607971702,0.00322664135967561,0.0062807350530584075,0.017634371495125527,0.004986627555862307,0.001621948063152446,0.0017944957294452593,3.450953325856268e-05,0.020861012854801138,0.0005694072987662841,0.059459925804503495,,0.00041411439910275213,0.001121559830903287,,0.0003623500992149081,,0.0024501768613579503,0.0005521525321370028,0.05440427918212406,0.021326891553791735,0.04857216806142697,1.725476662928134e-05,0.003934086791476145,,0.0018290052627038219,0.018738676559399533,0.012388922439824002,0.015684582866016736,0.08244327495470624,0.08541109481494263,0.18051936847554137,,0.00037960486584418944,0.0015184194633767578,0.003105857993270641,0.0024501768613579503,0.002036062462255198,0.07081356224657062,0.002916055560348546,0.0026744888275386076,0.0006211715986541282,1.725476662928134e-05,0.00020705719955137607
BW_5__IGK.csv,0.019069652523528224,4.492262078569664e-05,0.0213831674939916,0.01628445003481503,0.012600795130387907,0.03259136138002291,,0.0010332202780710226,0.11205947754992027,0.0528065407335864,0.015925069068529456,0.006491318703533164,0.021068709148491724,0.0026504346263561017,0.00440241683699827,0.0008086071741425395,0.0001123065519642416,0.011298039127602704,0.0006064553806069046,0.04004851643044855,,0.0013027560027852026,0.0011006042092495676,,0.00020215179353563488,,0.009793131331281867,0.0012129107612138092,0.08070348824150402,0.002043979245749197,0.0460681476157319,,0.0017744435210350171,,6.738393117854496e-05,0.04761797803283844,0.013813705891601717,0.00707531277374722,0.08110779182857528,0.057141573639406126,0.16848228925675524,,0.00015722917274993824,0.0012353720716066574,0.001841827452213562,0.001123065519642416,0.0011006042092495676,0.09856023000381842,0.001415062554749444,0.002695357247141798,0.000561532759821208,2.246131039284832e-05,0.000494148828642663
BW_17__IGK.csv,0.013923234060853672,0.0007526072465326309,0.008762498656058488,0.013009353832921192,0.015697236856252017,0.03757660466616493,,0.0011289108697989463,0.08128158262552414,0.0677884098484034,0.005537039028061499,0.009407590581657885,0.024889796796043435,0.005859584990861198,0.00021503064186646596,0.0010751532093323298,,0.01666487474465111,0.0009676378883990968,0.03967315342436297,,0.0018277604558649607,0.0032254596279969894,,0.00032254596279969894,,0.004730674121062251,0.0008063649069992474,0.06972368562520159,0.017417481991183745,0.03660896677776583,,0.005805827330394581,,0.00032254596279969894,0.031071927749704333,0.012955596172454575,0.010375228470056983,0.10031179443070637,0.10273088915170411,0.16320825717664766,,0.0016664874744651112,0.0018815181163315772,0.002634125362864208,0.002096548758198043,0.0011826685302655628,0.07864745726265993,0.003601763251263305,0.0011826685302655628,0.0006450919255993979,,0.0008063649069992474
BW_9__IGK.csv,0.03220675944333996,0.0013916500994035786,0.027236580516898607,0.049602385685884695,0.015308151093439365,0.027485089463220674,,0.0006461232604373757,0.09791252485089463,0.09642147117296222,0.006063618290258449,0.008300198807157058,0.02162027833001988,0.0036779324055666003,0.0009443339960238568,0.007902584493041749,9.940357852882704e-05,0.011381709741550696,0.00039761431411530816,0.11118290258449304,,0.0004970178926441351,0.0034294234592445326,,,,0.0014910536779324055,0.0006461232604373757,0.061332007952286285,0.019433399602385687,0.06600397614314116,,0.015457256461232605,,0.0007455268389662028,0.015954274353876738,0.00959244532803181,0.017544731610337972,0.03628230616302187,0.045278330019880714,0.10934393638170974,,0.0005964214711729623,0.0016898608349900596,0.001341948310139165,0.0024353876739562626,0.002335984095427435,0.06058648111332008,0.0030318091451292245,0.00437375745526839,0.0005467196819085487,0.00014910536779324057,9.940357852882704e-05
BW_CT0530__IGK.csv,0.016532565924707816,0.0005873025195278087,0.01280319492570623,0.014183355846596583,0.01339049744523404,0.02343337052915957,,0.00046984201562224703,0.04674928055441358,0.06621835907676044,0.013919069712809068,0.0070182651083573145,0.01477065836612439,0.004933341164033594,0.009749221824161625,0.0017031773066306455,,0.014183355846596583,0.0004111117636694661,0.025048452457861043,,0.0004992071415986374,0.0020261936923709404,,5.873025195278088e-05,,0.016855582310448113,0.0007047630234333705,0.09173665355024373,0.029012744464673754,0.06363422799083808,,0.005080166793915546,,8.809537792917132e-05,0.03086274740118635,0.018500029365125976,0.01932225289246491,0.07884536324660833,0.08724378927585599,0.16418041933399893,,0.0006166676455041992,0.001203970165032008,0.0049920714159863745,0.004052387384741881,0.002202384448229283,0.08756680566159629,0.002143654196276502,0.0014976214247959124,0.0006166676455041992,,0.0003523815117166853
BW_6__IGK.csv,0.024408874691850976,0.001041630498941009,0.020103468629561475,0.014582826985174126,0.0154508524009583,0.026978229922572133,,0.00013888406652546787,0.08857331342661713,0.08708030971146835,0.008576091107947641,0.009791326690045484,0.021006215061977015,0.005173431478073678,0.0014235616818860457,0.004409569112183605,0.0001041630498941009,0.013680080552758584,0.0006249782993646054,0.048748307350439224,,0.0006596993159959724,0.002986007430297559,,6.944203326273393e-05,,0.002187424047776119,0.0005555362661018715,0.07815700843720703,0.023783896392486372,0.06034512690531579,,0.003229054546717128,,0.00013888406652546787,0.026735182806152565,0.010728794139092392,0.0194437693135655,0.06423388076802888,0.0812471789173987,0.15495989722579076,,0.00024304711641956876,0.0018054928648310823,0.00229158709767022,0.0014582826985174125,0.0027429603138779905,0.06510190618381306,0.00114579354883511,0.0036109857296621646,6.944203326273393e-05,,0.00017360508315683484
BW_7__IGK.csv,0.014990539950516664,0.001164313782564401,0.02284965798282637,0.01033328482025906,0.04096929122398486,0.01739193712705574,,0.0008004657255130257,0.07153252801630039,0.0817202736137389,0.002401397176539077,0.00560326007859118,0.013826226167952264,0.002037549119487702,0.003056323679231553,0.002401397176539077,,0.009096201426284384,7.276961141027506e-05,0.03973220783001019,,0.00021830883423082522,0.0012370833939746762,7.276961141027506e-05,,,0.0037840197933343036,0.0005821568912822005,0.06076262552757968,0.011424828991413186,0.03922282055013826,,0.005967108135642556,,0.00021830883423082522,0.016882549847183816,0.007931887643719982,0.012516373162567311,0.06847620433706884,0.06854897394847911,0.1365885606170863,,0.00036384805705137535,0.0015281618396157765,0.0016737010624363266,0.0013098530053849513,0.0016737010624363266,0.2136515791005676,0.0008004657255130257,0.002983554067821278,0.0015281618396157765,,7.276961141027506e-05
BW_8__IGK.csv,0.022535211267605635,0.00010060362173038229,0.011066398390342052,0.020422535211267606,0.025704225352112677,0.012223340040241448,,0.0003018108651911469,0.07580482897384305,0.13058350100603622,0.004577464788732394,0.004325955734406439,0.036770623742454725,0.006639839034205231,0.005533199195171026,0.005382293762575453,0.00010060362173038229,0.00875251509054326,0.00010060362173038229,0.03571428571428571,,0.001056338028169014,0.0018611670020120725,,,,0.005331991951710261,0.0003018108651911469,0.07701207243460764,0.007193158953722334,0.14753521126760563,,0.002012072434607646,,0.00025150905432595576,0.015543259557344065,0.006438631790744467,0.011116700201207244,0.04567404426559356,0.09849094567404426,0.09783702213279678,,0.0003018108651911469,0.00045271629778672034,0.006287726358148894,0.001358148893360161,0.0019617706237424547,0.061770623742454726,0.001006036217303823,0.0022635814889336017,0.00025150905432595576,,5.0301810865191146e-05
BW_11__IGK.csv,0.01722629796839729,9.875846501128668e-05,0.012020316027088036,0.018623024830699775,0.0136568848758465,0.03610327313769752,,9.875846501128668e-05,0.09889954853273138,0.07038656884875846,0.013741534988713318,0.003188487584650113,0.02886568848758465,0.005417607223476298,0.0004373589164785553,0.0024830699774266367,0.0001693002257336343,0.006814334085778781,0.0004373589164785553,0.03978555304740406,,0.00032449209932279907,0.0010016930022573364,,5.64334085778781e-05,,0.04322799097065463,0.00042325056433408577,0.0960214446952596,0.012683408577878103,0.05056433408577878,,0.004204288939051919,,0.00012697516930022573,0.024619074492099324,0.005276523702031603,0.02025959367945824,0.08129232505643341,0.07161399548532732,0.15167889390519187,,0.0002821670428893905,0.0018764108352144469,0.004740406320541761,0.0032872460496613997,0.003329571106094808,0.05183408577878104,0.0012556433408577878,0.0011709932279909707,0.000268058690744921,,0.00012697516930022573
BW_12__IGK.csv,0.017847911848728065,0.0006529723847095633,0.0171949394640185,0.011236566453543735,0.01311386205958373,0.01999727928173038,,0.0013059447694191266,0.05460481567133723,0.06273976329751055,0.005604679635423752,0.0071282818664127326,0.020704666031832405,0.003509726567813903,0.0013331519521153584,0.0014963950482927493,8.162154808869541e-05,0.00935927084750374,0.0006257652020133315,0.03449870765882193,,0.0008162154808869542,0.0017684668752550674,,2.7207182696231806e-05,,0.017739083117943137,0.0007618011154944906,0.06249489865324446,0.015208815127193579,0.10638008434226635,,0.002802339817711876,2.7207182696231806e-05,0.0005169364712284043,0.019371514079717045,0.011807917290164604,0.013005033328798803,0.0776765065977418,0.08094136852128962,0.18321316827642498,,0.0008706298462794178,0.0021221602503060807,0.0027207182696231806,0.0018500884233437628,0.0020405387022173855,0.10575431914025303,0.003536933750510135,0.002367024894572167,0.0006257652020133315,,0.0005169364712284043
BW_13__IGK.csv,0.014386967100391411,0.002115730455939913,0.030572305088331746,0.031436228357840545,0.009644204661659437,0.016696639514792482,,0.0004936704397193131,0.057724179272893965,0.056877887090518005,0.042861172819916075,0.0028738672026517153,0.026252688740787757,0.006452977890616735,0.031048344440918228,0.0018865263232130892,0.00012341760992982828,0.007845833774110512,0.0003349906555238196,0.030078634648612435,,0.0001763108713283261,0.00044077717832081525,,1.763108713283261e-05,,0.012306498818717163,0.0004760393525864805,0.06939595895482915,0.0004584082654536479,0.03633767058076801,,0.0017102154518847633,1.763108713283261e-05,3.526217426566522e-05,0.01939419584611587,0.04532952501851264,0.014228287316195916,0.09774674706442399,0.06872597764378152,0.18470326880355442,,0.0004231460911879826,0.0034556930780351917,0.0043019852604111565,0.004354878521809655,0.0025565076342607285,0.06163828061638281,0.0007757678338446348,0.000722874572446137,0.00040551500405515005,,0.00015867978419549348
BW_14__IGK.csv,0.011125092947434651,0.0019733455356632157,0.0077789853000057195,0.003431905279414288,0.016187153234570727,0.023108162214722873,,0.0001715952639707144,0.03231710804781788,0.04956243207687468,0.005205056340445003,0.002573928959560716,0.01670193902648287,0.004919064233827147,0.028971000400388948,0.0016301550077217869,5.719842132357147e-05,0.013098438483097866,0.0003431905279414288,0.01990505062060287,,0.001601555797060001,0.0007435794772064291,,,,0.0008293771091917863,0.0006577818452210719,0.043156208888634674,0.03057255619744895,0.06669335926328433,,0.0009723731625007149,,8.57976319853572e-05,0.014385402962878225,0.006120231081622147,0.007035405822799291,0.040868272035691815,0.03225990962649431,0.3926099639649946,,0.00031459131727964307,0.0013727621117657152,0.0009437739518389293,0.0019447463250014299,0.0023165360636046447,0.11259509237545044,0.0009723731625007149,0.0015729565863982155,0.0001715952639707144,,0.00014299605330892867
BW_16__IGK.csv,0.01742903259243903,0.0007404007048614711,0.016081503309591152,0.016999600183619373,0.013667797011742755,0.028549851179458324,,0.0007996327612503887,0.07481008721920303,0.08134042143608121,0.006115709822155751,0.017473456634730718,0.0201833232145237,0.007181886837156269,0.0011402170854866653,0.0028431387066680486,0.00011846411277783537,0.016407279619730198,0.0008292487894448476,0.04292843286786809,,0.0010513690009032889,0.0033169951577793903,,0.00016288815506952363,,0.0059232056388917684,0.0007700167330559299,0.06589566273267092,0.01254238794035332,0.030963557477306718,1.480801409722942e-05,0.0041018199049325495,,0.00017769616916675303,0.02740963409397166,0.012601619996742237,0.010691386178199641,0.10716559802164932,0.10173105684796611,0.16284373102723193,,0.0008884808458337652,0.0017325376493758423,0.003242955087293243,0.0021323540300010367,0.0031096829604181785,0.0674949282551717,0.0027690986361819016,0.00408701189083532,0.0011994491418755831,1.480801409722942e-05,0.00032577631013904726
BF__IGK.csv,0.016321291032459197,,0.008802494039977994,0.011553273427471117,0.00715202640748212,0.06693563176233266,,0.0009169264624977076,0.09774436090225563,0.07207041995231983,0.006418485237483954,0.018705299834953237,0.021822849807445442,0.00238400880249404,,0.0025673940949935813,,0.038510911424903725,0.00018338529249954154,0.049880799559875295,,,0.006785255822483037,0.0005501558774986246,,,0.012470199889968824,0.0022006235099944985,0.07482119933981295,0.0009169264624977076,0.03502659086741244,,0.006968641114982578,,0.0005501558774986246,0.01907207041995232,0.01650467632495874,0.009902805794975243,0.10746378140473134,0.07665505226480836,0.13405464881716486,,0.00018338529249954154,0.0045846323124885385,0.00825233816247937,0.006418485237483954,0.003117549972492206,0.04401247019988997,0.00476801760498808,0.0012836970474967907,,,0.0014670823399963323
BW_10__IGK.csv,0.016683199567138606,0.0007815552950371239,0.010100099197402831,0.007214356569573451,0.009318543902365709,0.01848678870953197,,0.0003306580094387832,0.08272462199777557,0.07067063456277993,0.017645113776415065,0.00435867376078396,0.011933748158836084,0.011753389244596747,0.0009318543902365708,0.0016532900471939158,3.005981903988938e-05,0.00868728770252803,0.0004208374665584513,0.04289536176992215,,0.000871734752156792,0.0012324525806354646,,9.017945711966815e-05,,0.0035169988276670576,0.0004208374665584513,0.05543030630955602,0.031743168906123186,0.05068085490125349,,0.0013827516758349115,3.005981903988938e-05,0.0007514954759972345,0.019087985090329756,0.009739381368924159,0.01797577178585385,0.08230378453121712,0.09327561848077674,0.2151381248684883,,0.00039077764751856197,0.0016833498662338052,0.005260468331980642,0.0015330507710343583,0.003246460456308053,0.07779481167523372,0.0009619142092764601,0.007815552950371238,0.0006913758379174557,3.005981903988938e-05,0.0003005981903988938
iRNormal_097__IGK.csv,0.008439174648719355,0.0006751339718975484,0.02384066838263218,0.02776488459428668,0.005190092408962403,0.07671209755685894,,0.0029115152538081775,0.08650154014937339,0.07612135533144858,0.01362926705768176,0.03282838938351829,0.02552850331237605,0.0019832060424490486,0.0005063504789231614,0.0027427317608337905,0.0024051647748850164,0.05464365585045783,0.002447360648128613,0.053040212667201145,,0.008481370521962952,0.0062027933668087265,,0.0003375669859487742,,0.0012236803240643064,0.0007595257183847419,0.02329212203046542,0.012110215620912275,0.010633360057386387,,0.0037132368454365163,,0.0002109793662179839,0.008565762268450145,0.0067513397189754845,0.004683741930039242,0.11194565171526225,0.08742984936073252,0.1637621840583991,,0.0006329380986539516,0.0026583400143465967,0.0022363812819106293,0.0029959070002953713,0.0005063504789231614,0.03350352335541584,0.006920123211949871,0.0013080720705515002,4.2195873243596775e-05,,0.0011814844508207098
iRNormal_088_R__IGK.csv,0.013189012188466437,0.0008186283427323995,0.015417500454793523,0.009050391122430416,0.006139712570492996,0.02983445515735856,,0.0005912315808622885,0.059350554848098966,0.08445515735855921,0.00891395306530835,0.020556667273058032,0.018146261597234856,0.003911224304165909,0.009004911770056395,0.001910132799708932,0.0015462979807167546,0.018555575768601056,0.0005457522284882663,0.03797525923230853,,0.01327997089321448,0.007731489903583773,,0.00027287611424413316,,0.0006821902856103329,0.0009095870474804438,0.02715117336729125,0.012052028379115882,0.023330907767873384,,0.002410405675823176,,0.0015462979807167546,0.012370383845734037,0.009959978169910861,0.007958886665453885,0.11492632344915409,0.11715481171548117,0.20911406221575404,,0.0004547935237402219,0.0030925959614335093,0.005866836456248863,0.007276696379843551,0.0010915044569765327,0.07258504638893942,0.003683827542295798,0.00413862106603602,4.5479352374022196e-05,9.095870474804439e-05,0.0009095870474804438
SS03F_W_1_HJ__IGK.csv,0.007738304607808653,3.5174111853675694e-05,0.01907609332864345,0.022183139875718138,0.006941024739125337,0.02245280806659632,,0.00010552233556102708,0.1885215148317505,0.04536287958729042,0.02731856020635479,0.0028725524680501815,0.058072458670418575,0.005451987337319733,0.0018525032242935867,0.0023214913823425957,,0.003962949935514128,0.00011724703951225231,0.07626919920272013,,0.0003751905264392074,0.0005276116778051355,,,,0.0035408605932700198,9.379763160980185e-05,0.03833978192050651,0.0002579434869269551,0.01241646148434752,,0.0012779927306835503,,1.1724703951225231e-05,0.01949818267088756,0.005123695626685426,0.004443662797514363,0.09124164614843475,0.07270488920154766,0.16010083245398055,,7.034822370735139e-05,0.001055223355610271,0.001020049243756595,0.0031656700668308124,0.00100832453980537,0.0897760581545316,0.0004103646382928831,0.0027787548364403797,2.3449407902450463e-05,,8.207292765857662e-05
WDM__IGK.csv,0.013478532535927876,0.00020827754470528726,0.012466898747359338,0.016096878812222916,0.014043857300127941,0.03219375762444583,,0.0008628641137790472,0.05873426760689101,0.05796066529798566,0.008182332113422,0.00800380850367461,0.017941622779612604,0.009074950162158946,0.0003570472194947782,0.002499330536463447,0.0001487696747894909,0.012466898747359338,0.0006248326341158618,0.034157517331667116,2.9753934957898182e-05,0.000833110178821149,0.0020232675771370764,,5.9507869915796364e-05,,0.006635127495611294,0.00065458656907376,0.05245618733077449,0.0008628641137790472,0.022970037787497396,,0.0024100687315897528,5.9507869915796364e-05,0.00020827754470528726,0.017584575560117825,0.015412538308191259,0.005028415007884793,0.08929155880865244,0.07140944389895564,0.3269659912523431,,0.00020827754470528726,0.001814990032431789,0.002588592341337142,0.003213424975453004,0.004195304829063644,0.0687018358177869,0.002112529382010771,0.0017554821625159927,0.0003868011544526764,0.0001785236097473891,0.0004463090243684727
WGF__IGK.csv,0.015138517434525912,0.0009840036332441843,0.013069586718474038,0.027905333804309432,0.009663420295705707,0.02666902154715648,,0.0010849270828076905,0.08157137810970379,0.09476711914013221,0.010924963415249534,0.006711409395973154,0.025180400666094768,0.004289246606449008,0.007846798203562598,0.0016652369177978504,7.569258717262956e-05,0.012236968259575112,0.0007821567341171721,0.04110107483473785,,0.005348942826865822,0.0016400060554069738,2.5230862390876522e-05,0.00015138517434525912,,0.0120351213604481,0.0011101579451985668,0.07498612302568501,0.014987132260180653,0.047686329918756626,,0.0028763183125599234,,0.00047938638542665386,0.02639148206085684,0.009335419084624312,0.011732351011757581,0.07854367462279861,0.07271534541050613,0.16624615229348538,,0.00035323207347227127,0.0011101579451985668,0.0018166220921431095,0.00348185900994096,0.0021193924408336277,0.07372457990614119,0.0023464702023515164,0.005853560074683353,0.0007064641469445425,2.5230862390876522e-05,0.0005046172478175305
WJW__IGK.csv,0.01375,,0.017083333333333332,0.024791666666666667,0.013541666666666667,0.051041666666666666,,0.0016666666666666668,0.07875,0.10270833333333333,0.013541666666666667,0.010208333333333333,0.018333333333333333,0.0004166666666666667,0.004375,0.004375,,0.02,0.003958333333333334,0.03229166666666667,,0.0008333333333333334,0.0020833333333333333,,0.000625,,0.021458333333333333,0.000625,0.12125,,0.049791666666666665,,0.00125,,,0.027083333333333334,0.021458333333333333,0.003125,0.07104166666666667,0.08166666666666667,0.116875,,,0.0020833333333333333,0.0022916666666666667,0.004583333333333333,0.003125,0.05375,0.004166666666666667,,,,
JGR__IGK.csv,0.024870586193932735,0.0015905607449608144,0.01570317244570404,0.016136961739784263,0.01174123022643801,0.03924347147112409,,0.0012724485959686514,0.0701292692096359,0.07258740854275716,0.008589028022788398,0.013968015269383151,0.022817316868619684,0.004945197952514532,0.0020243500390410363,0.0029497671997455103,0.00011567714508805923,0.019231325370889847,0.0013013678822406663,0.03629370427137858,,0.002544897191937303,0.003759507215361925,,0.00028919286272014805,,0.0058127765406749765,0.0017640764625929033,0.06848086989213106,0.04447786228635877,0.054773128199196046,,0.002747332195841407,,0.0022846236154891696,0.020619451111946557,0.015413979582983892,0.013996934555655167,0.09392984181150409,0.08088724370282542,0.13314439399635616,,0.0005783857254402961,0.0019954307527690215,0.002978686486017525,0.003123282917377599,0.0024870586193932735,0.07281876283293329,0.003412475780097747,0.0015616414586887995,0.00031811214899216285,,0.00028919286272014805
LFJ__IGK.csv,0.018888252920777077,6.733780007407158e-05,0.012861519814147671,0.018618901720480793,0.018416888320258576,0.028214538231035993,,0.0008417225009258948,0.07312885088044174,0.08959294299855224,0.012390155213629172,0.013467560014814316,0.026430086529073096,0.0037372479041109727,0.00013467560014814316,0.002222147402444362,6.733780007407158e-05,0.013534897814888388,0.0012120804013332884,0.03548702063903572,,0.0015824383017406822,0.002289485202518434,,,,0.01656509881822161,0.0003703579004073937,0.055419009460960914,0.0015151005016666105,0.043129860947442845,,0.0026935120029628634,,0.0003366890003703579,0.019325948621258544,0.02750749133025824,0.011952459513147705,0.1169320898286253,0.08245513619070065,0.14107269115517995,,0.0003366890003703579,0.001784451701962897,0.0021548096023702905,0.002525167502777684,0.0017171139018888253,0.094070906703478,0.002289485202518434,0.00127941820140736,0.0008753914009629305,6.733780007407158e-05,0.00043769570048146525
